category,image_id,width,height,prompt,bbox_512,bbox_1024,bbox_1024_16,num_inference_steps,num_inference_steps_schnell,guidance_scale,guidance_scale_schnell,seed,orig_nima_mean,orig_nima_std,orig_itm,orig_cos,orig_giqa
airplane,208901,1023,683,"airplane, A modern jet airplane flying up in the sky","[270, 90, 512, 512]","[7, 3, 1016, 680]","[15, 10, 1008, 672]",31,5,8.832242835730762,0,1145441010,5.136071,1.5083133,0.2724609375,0.433349609375,-329.21738316818187
airplane,90631,1024,622,"airplane, A colorful fighter jet flying through a blue sky.","[251, 19, 512, 512]","[0, 0, 1024, 616]","[0, 0, 1024, 608]",25,4,3.5813548817879983,0,821827540,5.0055404,1.5246215,0.234375,0.42138671875,-344.0983366213481
airplane,525322,1023,685,"airplane, two stunt airplanes touching their wings as the fly","[285, 173, 512, 512]","[7, 5, 1016, 680]","[15, 13, 1008, 672]",26,4,6.428333350464056,0,847200043,5.600077,1.5235783,0.2108154296875,0.4326171875,-407.9232976911171
airplane,71711,1024,683,"airplane, A large airplane museum with old war planes.","[512, 171, 512, 512]","[0, 3, 1024, 680]","[0, 11, 1024, 672]",24,4,7.997806746281609,0,757855135,6.1686225,1.3174449,0.368896484375,0.353515625,-272.0993026444071
airplane,44652,1024,683,"airplane, An single passanger in an airplane flying through the sky","[23, 78, 512, 512]","[0, 0, 1024, 680]","[0, 0, 1024, 672]",35,5,7.444671666432088,0,1340589947,5.742671,1.4767357,0.273681640625,0.39111328125,-410.9060186189513
airplane,410221,995,1024,"airplane, A flying airplane being viewed through power lines.","[258, 58, 512, 512]","[3, 0, 992, 1024]","[3, 0, 992, 1024]",47,6,9.238421084414568,0,1938609420,4.790284,1.5919555,0.2666015625,0.418212890625,-540.363653772805
airplane,545407,800,530,"airplane, An airplane is flying through clear blue sky.","[151, 18, 512, 512]","[0, 2, 800, 528]","[0, 2, 800, 528]",44,6,8.743542842645962,0,1786372013,5.130817,1.5513701,0.26025390625,0.44921875,-295.8086612580737
airplane,567432,1024,679,"airplane, A jet airplane is flying through the sky.","[182, 167, 512, 512]","[0, 7, 1024, 672]","[0, 7, 1024, 672]",48,6,9.264138661438862,0,2014448640,5.202621,1.6098336,0.381103515625,0.42041015625,-453.997093682704
airplane,272049,1024,683,"airplane, Large brown truck parked on the grass next to an airplane. ","[0, 0, 512, 512]","[0, 0, 1024, 680]","[0, 0, 1024, 672]",13,3,4.935232001165579,0,168571695,3.8669128,1.2873981,0.2281494140625,0.389404296875,-211.94825587063085
airplane,469174,1024,736,"airplane, A passenger jet airplane flies low over trees with an American flag in the foreground.","[329, 0, 512, 512]","[0, 0, 1024, 736]","[0, 0, 1024, 736]",17,3,5.364498942795593,0,388528798,4.9186444,1.5213319,0.312255859375,0.44287109375,-265.0156914538006
airplane,52412,1024,681,"airplane, View from an airplane looking looking out over large parking lot.","[0, 0, 512, 512]","[0, 0, 1024, 680]","[0, 0, 1024, 672]",42,6,1.5863877763309675,0,1701289843,4.2609105,1.3959976,0.139892578125,0.365234375,-344.71251572545407
airplane,214205,1024,702,"airplane, An airplane flying high with a full moon in the background. ","[269, 190, 512, 512]","[0, 6, 1024, 696]","[0, 14, 1024, 688]",22,4,1.0506344561145364,0,644859804,4.8643317,1.5685374,0.367919921875,0.410888671875,-521.0572652264855
airplane,348881,1024,739,"airplane, A large white airplane and a person on a lot.","[0, 0, 512, 512]","[0, 0, 1024, 736]","[0, 0, 1024, 736]",48,6,8.475592932741314,0,2038980991,3.5931318,1.2578925,0.273193359375,0.41943359375,-510.7777422006129
airplane,1761,683,1024,"airplane, A sky photo to jumbo jet airplanes over a bridge.","[171, 1, 512, 512]","[3, 0, 680, 1024]","[11, 0, 672, 1024]",27,4,9.84972019857558,0,906032039,3.7009118,1.3062326,0.33642578125,0.427734375,-559.4714600445991
airplane,134886,1024,768,"airplane, A commercial airplane above a dirt trail and crowd of people.","[150, 91, 512, 512]","[0, 0, 1024, 768]","[0, 0, 1024, 768]",40,5,8.061488674054116,0,1579638338,5.404418,1.5530204,0.317138671875,0.4296875,-364.16401463092575
airplane,99054,683,1024,"airplane, A large jet airplane sitting on a tarmac at an airport.","[68, 170, 512, 512]","[0, 0, 680, 1024]","[0, 0, 672, 1024]",32,5,3.8404314098044585,0,1182859276,4.749752,1.4845136,0.317138671875,0.4150390625,-322.04585115190616
airplane,199977,768,1024,"airplane, The airplane in the sky is doing tricks while spitting out smoke. ","[0, 115, 512, 512]","[0, 0, 768, 1024]","[0, 0, 768, 1024]",31,5,7.348003341305084,0,1131072087,5.1859612,1.5653566,0.1666259765625,0.392578125,-425.3919536542753
airplane,502599,1023,681,"airplane, A group of airplanes floating over the ocean.","[148, 169, 512, 512]","[0, 1, 1016, 680]","[0, 9, 1008, 672]",44,6,3.69262965878422,0,1827983318,4.9967427,1.4201083,0.280029296875,0.35791015625,-352.8834661540034
airplane,488270,1023,682,"airplane, An airplane with wheels wheels barely off ground tilted slightly upward from the pavement to the blue sky.","[402, 133, 512, 512]","[7, 2, 1016, 680]","[15, 10, 1008, 672]",33,5,7.666736345881738,0,1217393872,4.225073,1.4736923,0.349609375,0.438720703125,-305.737782227398
airplane,229747,1024,866,"airplane, A airplane that is flying in the sky.","[218, 173, 512, 512]","[0, 0, 1024, 864]","[0, 0, 1024, 864]",10,3,3.517724977734583,0,29768455,5.35958,1.5526813,0.2685546875,0.4140625,-395.9587496026734
airplane,22396,911,704,"airplane, a plane flying by a bright moon in the sky
","[399, 0, 512, 512]","[7, 0, 904, 704]","[15, 0, 896, 704]",16,3,8.043318237953184,0,335554307,4.280887,1.5580142,0.26513671875,0.4306640625,-517.5143836882917
airplane,189828,612,612,"airplane, Aerial view of an airplane ascending in to the sky.","[100, 0, 512, 512]","[4, 0, 608, 608]","[4, 0, 608, 608]",31,5,9.88966672205119,0,1130085198,3.5661085,1.3860261,0.46728515625,0.384765625,-423.3051638271834
airplane,163746,1023,781,"airplane, Girls playing on a beach with an airplane flying above them. ","[66, 0, 512, 512]","[0, 0, 1016, 776]","[0, 0, 1008, 768]",48,6,9.876146943522146,0,2002619399,4.585011,1.5505038,0.3115234375,0.4072265625,-344.3653340561241
airplane,449996,1023,685,"airplane, Some parked airplanes and one airplane in the sky","[57, 173, 512, 512]","[0, 5, 1016, 680]","[0, 13, 1008, 672]",25,4,8.945763102970082,0,807025520,4.1840568,1.524121,0.256591796875,0.4462890625,-505.3599067465025
airplane,293324,1024,649,"airplane, Multiple commercial passenger airplanes at their gate at an airport.","[504, 137, 512, 512]","[0, 1, 1024, 648]","[0, 9, 1024, 640]",12,3,9.21529046605526,0,126659316,4.716862,1.4353682,0.25439453125,0.410888671875,-249.04246032998185
airplane,571857,1023,681,"airplane, A couple of people sitting in chairs behind an airplane.","[299, 78, 512, 512]","[7, 0, 1016, 680]","[15, 0, 1008, 672]",20,4,7.373862226928552,0,544610078,4.6429048,1.5864758,0.1885986328125,0.3740234375,-502.00624838409294
airplane,217060,1024,704,"airplane, The airplane is flying near a cloud in the sky. ","[204, 192, 512, 512]","[0, 0, 1024, 704]","[0, 0, 1024, 704]",19,3,5.990471895371578,0,502803994,4.357396,1.5878755,0.2374267578125,0.4140625,-431.9905533994097
airplane,135673,1024,683,"airplane, Two airplanes having a close call in the sky.","[327, 101, 512, 512]","[0, 3, 1024, 680]","[0, 11, 1024, 672]",11,3,9.309143872631983,0,78112099,3.6388066,1.4360784,0.34814453125,0.418701171875,-461.45289895972655
bear,318080,1024,768,"bear, two different bears fight with each other behind a log","[90, 122, 512, 512]","[0, 0, 1024, 768]","[0, 0, 1024, 768]",31,5,8.832242835730762,0,1145441010,5.7687054,1.3622556,0.1954345703125,0.400390625,-187.21910296058925
bear,560266,1024,680,"bear, Two brown bears swimming together in the water.","[63, 34, 512, 512]","[0, 0, 1024, 680]","[0, 0, 1024, 672]",25,4,3.5813548817879983,0,821827540,6.1778264,1.2206625,0.169677734375,0.3759765625,-155.09139132588234
bear,312586,1024,685,"bear, This is a picture of three bears in a field.","[239, 173, 512, 512]","[0, 5, 1024, 680]","[0, 13, 1024, 672]",26,4,6.428333350464056,0,847200043,5.046165,1.3320401,0.4150390625,0.386474609375,-131.8857585919693
bear,521231,678,1023,"bear, A polar bear standing by rocks in a grassy habitat.","[88, 242, 512, 512]","[6, 0, 672, 1016]","[6, 0, 672, 1008]",24,4,7.997806746281609,0,757855135,5.886198,1.312881,0.343505859375,0.35693359375,-116.32542182174436
bear,308753,1024,768,"bear, an animal laying down on top of some rocks.","[271, 149, 512, 512]","[0, 0, 1024, 768]","[0, 0, 1024, 768]",35,5,7.444671666432088,0,1340589947,5.5640354,1.5001601,0.2415771484375,0.347412109375,-94.1215716358099
bear,20247,1023,731,"bear, Two bears, one running on some rocky soil.","[418, 219, 512, 512]","[7, 3, 1016, 728]","[15, 11, 1008, 720]",47,6,9.238421084414568,0,1938609420,6.5014963,1.2277299,0.478515625,0.42529296875,-127.50902078742637
bear,471450,1024,768,"bear, Three bears standing in a field outside. ","[512, 256, 512, 512]","[0, 0, 1024, 768]","[0, 0, 1024, 768]",44,6,8.743542842645962,0,1786372013,4.7083826,1.3488725,0.453125,0.371826171875,-267.7072740288181
bear,104603,1024,685,"bear, A bear walks through tall grass near several trees.","[93, 171, 512, 512]","[0, 5, 1024, 680]","[0, 13, 1024, 672]",48,6,9.264138661438862,0,2014448640,4.8015056,1.4073613,0.411376953125,0.379150390625,-103.5425964298058
bear,203546,1024,731,"bear, The bear is inside of the river stream. ","[345, 49, 512, 512]","[0, 0, 1024, 728]","[0, 0, 1024, 720]",19,3,1.2392896102083748,0,500051954,5.967585,1.2262627,0.314697265625,0.38330078125,-294.9003259439173
bear,79144,1024,732,"bear, Two young black bears playing at the zoo","[72, 69, 512, 512]","[0, 0, 1024, 728]","[0, 0, 1024, 720]",13,3,4.935232001165579,0,168571695,5.4949536,1.3240751,0.129150390625,0.313720703125,-70.54515668211342
bear,71756,1024,819,"bear, Two black bears captured together in night vision.","[105, 98, 512, 512]","[0, 0, 1024, 816]","[0, 0, 1024, 816]",42,6,1.5863877763309675,0,1701289843,6.034421,1.3689481,0.2890625,0.39111328125,-245.5619673257004
bear,573391,1024,768,"bear, A bear walking in the forest in the early morning","[0, 128, 512, 512]","[0, 0, 1024, 768]","[0, 0, 1024, 768]",22,4,1.0506344561145364,0,644859804,4.0596557,1.3429312,0.439208984375,0.366943359375,-338.77663614029643
bear,217948,1024,680,"bear, Three brown bears looking out a cage at the ground below.","[512, 0, 512, 512]","[0, 0, 1024, 680]","[0, 0, 1024, 672]",48,6,8.475592932741314,0,2038980991,6.2240767,1.2817074,0.3984375,0.37353515625,-460.1664461121839
bear,453981,900,600,"bear, A mother black bear holding a baby black bear.","[188, 57, 512, 512]","[0, 0, 896, 600]","[0, 8, 896, 592]",27,4,9.84972019857558,0,906032039,5.3884983,1.388765,0.125732421875,0.33935546875,-62.57042682653013
bear,572517,1023,678,"bear, a polar bear following a big winged bird","[131, 0, 512, 512]","[0, 0, 1016, 672]","[0, 0, 1008, 672]",40,5,8.061488674054116,0,1579638338,5.88557,1.3004954,0.32958984375,0.37841796875,-113.909898746017
bear,85478,1024,644,"bear, There is a polar bear swimming in the water.","[415, 129, 512, 512]","[0, 4, 1024, 640]","[0, 4, 1024, 640]",32,5,3.8404314098044585,0,1182859276,6.110312,1.2778416,0.1199951171875,0.3505859375,-226.84541000469224
bear,173033,768,1024,"bear, A replica of a bear and her cub in a glass case in an exhibit.","[208, 303, 512, 512]","[0, 0, 768, 1024]","[0, 0, 768, 1024]",31,5,7.348003341305084,0,1131072087,5.586922,1.443151,0.3740234375,0.37841796875,-51.2016071676894
bear,461036,1024,680,"bear, Some leafy trees are hiding a black bear.","[265, 113, 512, 512]","[0, 0, 1024, 680]","[0, 8, 1024, 672]",44,6,3.69262965878422,0,1827983318,5.2751813,1.3643259,0.402099609375,0.3798828125,-286.34732831564224
bear,431727,1024,683,"bear, A pair of bears climb up in a tree.","[386, 165, 512, 512]","[0, 3, 1024, 680]","[0, 11, 1024, 672]",10,3,3.517724977734583,0,29768455,4.995678,1.3100162,0.2330322265625,0.361572265625,-502.2328849155113
bear,165500,1024,768,"bear, three short furry bears sniffing in some weeds next to a grassy bank ","[487, 202, 512, 512]","[0, 0, 1024, 768]","[0, 0, 1024, 768]",16,3,8.043318237953184,0,335554307,4.6964726,1.3151873,0.352294921875,0.352294921875,-338.02816845031816
elephant,157213,1024,576,"elephant, an elephant in a field near many bushes ","[279, 0, 512, 512]","[0, 0, 1024, 576]","[0, 0, 1024, 576]",25,4,3.5813548817879983,0,821827540,5.181753,1.3026884,0.2381591796875,0.4521484375,-400.8333235328501
elephant,259625,1024,683,"elephant, An elephant messing with a tree trunk. ","[160, 120, 512, 512]","[0, 3, 1024, 680]","[0, 11, 1024, 672]",26,4,6.428333350464056,0,847200043,5.5756264,1.357213,0.2568359375,0.411376953125,-266.79018470469146
elephant,474170,1024,768,"elephant, A couple of elephants standing on a lush green forest.","[284, 133, 512, 512]","[0, 0, 1024, 768]","[0, 0, 1024, 768]",24,4,7.997806746281609,0,757855135,5.5438,1.4520892,0.0880126953125,0.363525390625,-408.2913176151196
elephant,414795,1024,768,"elephant, A herd of elephants walking into a large body of water.","[37, 249, 512, 512]","[0, 0, 1024, 768]","[0, 0, 1024, 768]",35,5,7.444671666432088,0,1340589947,5.594898,1.3773192,0.0677490234375,0.404296875,-226.37969130330583
elephant,94852,1023,819,"elephant, A mother looks after a baby elephant in the wild.","[203, 159, 512, 512]","[0, 3, 1016, 816]","[0, 3, 1008, 816]",47,6,9.238421084414568,0,1938609420,5.986297,1.2669944,0.0869140625,0.378662109375,-402.812295483528
elephant,245915,800,533,"elephant, A herd of elephants splashing and playing in a river.","[288, 21, 512, 512]","[0, 5, 800, 528]","[0, 5, 800, 528]",48,6,9.264138661438862,0,2014448640,4.907354,1.4305912,0.09783935546875,0.33251953125,-301.904630291026
elephant,83113,1024,768,"elephant, An elephant looking at the camera in a pin.","[512, 99, 512, 512]","[0, 0, 1024, 768]","[0, 0, 1024, 768]",19,3,1.2392896102083748,0,500051954,6.064463,1.2288816,0.29150390625,0.430419921875,-362.6173072282518
elephant,263860,800,533,"elephant, Two elephants in a field rubbing their trunks on each other.","[288, 21, 512, 512]","[0, 5, 800, 528]","[0, 5, 800, 528]",13,3,4.935232001165579,0,168571695,6.0800548,1.3052443,0.229736328125,0.444091796875,-271.3969329280835
elephant,389316,1024,577,"elephant, Two young elephants stand next to a wooden fence.","[346, 38, 512, 512]","[0, 1, 1024, 576]","[0, 1, 1024, 576]",17,3,5.364498942795593,0,388528798,6.576219,1.2824302,0.281005859375,0.42138671875,-243.33449481038448
elephant,556765,774,518,"elephant, A baby elephant having fun playing in a river.","[218, 6, 512, 512]","[6, 6, 768, 512]","[6, 6, 768, 512]",42,6,1.5863877763309675,0,1701289843,6.75265,1.2592775,0.145263671875,0.426025390625,-409.00026303309255
elephant,433374,774,518,"elephant, A herd of elephants walking along a river and a rocky hillside.","[0, 0, 512, 512]","[0, 0, 768, 512]","[0, 0, 768, 512]",22,4,1.0506344561145364,0,644859804,5.8379064,1.3465025,0.2076416015625,0.37841796875,-369.1203984613208
elephant,493284,1024,683,"elephant, A group of adult and young elephants walking. ","[123, 171, 512, 512]","[0, 3, 1024, 680]","[0, 11, 1024, 672]",48,6,8.475592932741314,0,2038980991,6.4481015,1.2845113,0.342529296875,0.38671875,-231.1051979103757
elephant,320743,1024,576,"elephant, Men in blue with hats are riding elephants.","[395, 64, 512, 512]","[0, 0, 1024, 576]","[0, 0, 1024, 576]",40,5,8.061488674054116,0,1579638338,6.558086,1.2806951,0.1622314453125,0.39697265625,-432.0136061298661
elephant,162543,1024,576,"elephant, A herd of elephants standing on top of a dirt road.","[244, 64, 512, 512]","[0, 0, 1024, 576]","[0, 0, 1024, 576]",32,5,3.8404314098044585,0,1182859276,5.27051,1.4325504,0.279296875,0.412353515625,-324.6210533627413
elephant,126216,1023,685,"elephant, Three elephants in a grassy area with trees around.","[506, 74, 512, 512]","[7, 0, 1016, 680]","[15, 0, 1008, 672]",31,5,7.348003341305084,0,1131072087,5.654038,1.3091419,0.1605224609375,0.346435546875,-347.0000913672386
elephant,166664,1024,683,"elephant, A big elephant makes its way across the road with onlookers in the car.","[496, 18, 512, 512]","[0, 0, 1024, 680]","[0, 0, 1024, 672]",44,6,3.69262965878422,0,1827983318,6.27611,1.1994511,0.1893310546875,0.432373046875,-230.99965033825512
elephant,286994,1024,768,"elephant, some elephants and one is by some water","[359, 256, 512, 512]","[0, 0, 1024, 768]","[0, 0, 1024, 768]",33,5,7.666736345881738,0,1217393872,5.5556474,1.3840282,0.126220703125,0.43798828125,-298.4250523932085
elephant,465180,1023,681,"elephant, People with elephants doing various activities in a river.","[121, 6, 512, 512]","[0, 0, 1016, 680]","[0, 0, 1008, 672]",16,3,8.043318237953184,0,335554307,6.2054,1.3104017,0.046173095703125,0.343017578125,-371.12560786027416
elephant,286503,1024,683,"elephant, An elephant standing next to a stone in a cage.","[352, 171, 512, 512]","[0, 3, 1024, 680]","[0, 11, 1024, 672]",31,5,9.88966672205119,0,1130085198,6.0091786,1.2867525,0.216064453125,0.41455078125,-380.7487411396846
elephant,445248,1024,683,"elephant, a group of little elephants standing close to each other ","[53, 54, 512, 512]","[0, 0, 1024, 680]","[0, 0, 1024, 672]",25,4,8.945763102970082,0,807025520,6.2169642,1.3467929,0.21240234375,0.4404296875,-278.2681708425839
elephant,368961,1024,768,"elephant, Two mini elephants walking  toward people on a plank ","[258, 228, 512, 512]","[0, 0, 1024, 768]","[0, 0, 1024, 768]",12,3,9.21529046605526,0,126659316,5.948877,1.3847643,0.1932373046875,0.414306640625,-399.2438527261547
elephant,107851,1024,768,"elephant, A large group of people riding elephants through the brush.","[309, 256, 512, 512]","[0, 0, 1024, 768]","[0, 0, 1024, 768]",20,4,7.373862226928552,0,544610078,5.7684517,1.4062607,0.064697265625,0.35986328125,-324.14914253980214
elephant,24919,1023,680,"elephant, A herd of elephants standing on top of a field.","[392, 79, 512, 512]","[7, 0, 1016, 680]","[15, 0, 1008, 672]",19,3,5.990471895371578,0,502803994,6.280325,1.2735295,0.185302734375,0.400390625,-345.5917824393732
elephant,119641,1024,768,"elephant, A herd of elephants walking down a river with people riding on their backs.","[0, 256, 512, 512]","[0, 0, 1024, 768]","[0, 0, 1024, 768]",11,3,9.309143872631983,0,78112099,5.002845,1.3771722,0.12939453125,0.410400390625,-382.7467726134489
elephant,53624,1024,683,"elephant, A large gray elephant standing on a pool of water.","[266, 138, 512, 512]","[0, 3, 1024, 680]","[0, 11, 1024, 672]",50,6,1.807577018688813,0,2135232880,6.353596,1.361381,0.130859375,0.42138671875,-293.0465199241544
elephant,565624,1024,600,"elephant, Two elephants walking around inside of a grassy enclosure.","[488, 88, 512, 512]","[0, 0, 1024, 600]","[0, 8, 1024, 592]",29,4,4.331183906260067,0,1006074700,6.554422,1.188824,0.25146484375,0.4130859375,-366.4478523886851
elephant,48504,1024,683,"elephant, Two elephants walking around the center ring of a circus.","[197, 171, 512, 512]","[0, 3, 1024, 680]","[0, 11, 1024, 672]",32,5,6.453450491583366,0,1171239504,6.249898,1.2989625,0.23046875,0.416015625,-284.1059584803436
elephant,21903,1024,768,"elephant, A man is leaning over a fence offering food to an elephant/","[3, 141, 512, 512]","[0, 0, 1024, 768]","[0, 0, 1024, 768]",43,6,5.29956907226817,0,1754370252,5.3100786,1.3173254,0.251953125,0.430908203125,-348.72995796636906
elephant,80274,1024,768,"elephant, Two elephants that are standing next to each other.","[271, 205, 512, 512]","[0, 0, 1024, 768]","[0, 0, 1024, 768]",30,5,8.135720924475056,0,1084998680,6.350051,1.270709,0.11126708984375,0.388916015625,-335.8115404036473
elephant,564133,1024,678,"elephant, Some elephants walk together through the grass. ","[349, 98, 512, 512]","[0, 6, 1024, 672]","[0, 6, 1024, 672]",46,6,2.755777541311419,0,1933072943,5.7181525,1.3720264,0.096435546875,0.37158203125,-393.57815486813615
elephant,293300,1024,683,"elephant, Two large elephants standing next to a wire fence.","[284, 53, 512, 512]","[0, 0, 1024, 680]","[0, 0, 1024, 672]",25,4,1.5602814767499709,0,825039645,6.6048374,1.18823,0.192626953125,0.385498046875,-478.84260486766016
elephant,314294,1024,576,"elephant, An elephant standing under the shade of a tree.","[367, 8, 512, 512]","[0, 0, 1024, 576]","[0, 0, 1024, 576]",27,4,2.138665665159264,0,914582800,5.5717597,1.3688222,0.305419921875,0.4287109375,-287.4855361667196
elephant,178618,713,1024,"elephant, A dust cloud has formed in front of an elephant.","[201, 275, 512, 512]","[1, 0, 712, 1024]","[9, 0, 704, 1024]",11,3,9.665034264254464,0,86984129,5.7605724,1.4550779,0.279296875,0.40283203125,-261.1927117029227
elephant,105923,1024,748,"elephant, A statue of an elephant through a window in a store.","[512, 77, 512, 512]","[0, 0, 1024, 744]","[0, 0, 1024, 736]",30,4,2.194970835064874,0,1058021795,6.511518,1.2958887,0.14794921875,0.3994140625,-568.4939843114903
elephant,97230,1024,768,"elephant, Two elephants are eating some leaves by the road.","[72, 154, 512, 512]","[0, 0, 1024, 768]","[0, 0, 1024, 768]",29,4,3.0348849462685425,0,1014848104,6.2475915,1.2621965,0.29248046875,0.421630859375,-311.37810458047306
hair drier,350002,683,1024,"hair drier, Woman in party dress sitting in beauty shop with hair dryer.","[0, 51, 512, 512]","[0, 0, 680, 1024]","[0, 0, 672, 1024]",25,4,3.5813548817879983,0,821827540,5.0106926,1.4851851,0.191162109375,0.37451171875,-486.2348121350228
hair drier,569976,768,1024,"hair drier, A group of people stare up at something out of the frame.","[171, 262, 512, 512]","[0, 0, 768, 1024]","[0, 0, 768, 1024]",26,4,6.428333350464056,0,847200043,5.50875,1.4718181,0.60693359375,0.3291015625,-557.0760930827878
kite,357888,1024,768,"kite, a man wearing an orange shirt holding up a tiny kite","[219, 113, 512, 512]","[0, 0, 1024, 768]","[0, 0, 1024, 768]",31,5,8.832242835730762,0,1145441010,4.9544806,1.4339482,0.5146484375,0.303955078125,-387.4686194646049
kite,130586,683,1024,"kite, a boy making a face while running to get his kite in the air","[0, 22, 512, 512]","[0, 0, 680, 1024]","[0, 0, 672, 1024]",24,4,7.997806746281609,0,757855135,3.8764818,1.0916555,0.6103515625,0.4228515625,-250.07948776540383
kite,459809,1024,684,"kite, A shot of the blue water with people flying a kite. ","[505, 172, 512, 512]","[0, 4, 1024, 680]","[0, 12, 1024, 672]",35,5,7.444671666432088,0,1340589947,4.3340306,1.6307795,0.445556640625,0.31689453125,-415.0862788168056
kite,17959,1024,683,"kite, A large kite with three orange, white and black fish.","[305, 24, 512, 512]","[0, 0, 1024, 680]","[0, 0, 1024, 672]",47,6,9.238421084414568,0,1938609420,5.4600854,1.5669297,0.461669921875,0.38037109375,-645.3500488057264
kite,181303,1024,572,"kite, A young child holding onto a kite while standing on a green grass covered field.","[149, 0, 512, 512]","[0, 0, 1024, 568]","[0, 0, 1024, 560]",44,6,8.743542842645962,0,1786372013,4.3095136,1.2533262,0.42333984375,0.31494140625,-140.3592446519801
kite,236599,1024,708,"kite, People hold flying kites in the air by the water","[411, 0, 512, 512]","[0, 0, 1024, 704]","[0, 0, 1024, 704]",48,6,9.264138661438862,0,2014448640,3.8002834,1.2914973,0.1422119140625,0.294189453125,-687.7982443655922
kite,7784,1024,768,"kite, This is a large kite flying high in the sky.","[182, 145, 512, 512]","[0, 0, 1024, 768]","[0, 0, 1024, 768]",19,3,1.2392896102083748,0,500051954,6.1750827,1.4825482,0.5234375,0.388916015625,-212.4184198222032
kite,47740,1023,575,"kite, A man lies on the beach while someone else holds a kite.","[340, 0, 512, 512]","[7, 0, 1016, 568]","[15, 0, 1008, 560]",13,3,4.935232001165579,0,168571695,5.4052057,1.482672,0.186279296875,0.30517578125,-707.5269888755188
kite,576654,1024,683,"kite, A man that is holding a kite standing in the sand.","[332, 0, 512, 512]","[0, 0, 1024, 680]","[0, 0, 1024, 672]",17,3,5.364498942795593,0,388528798,6.2513056,1.3480492,0.34765625,0.405029296875,-244.53677118436823
kite,494759,1024,768,"kite, Two people on a beach flying a kite in the air.","[260, 0, 512, 512]","[0, 0, 1024, 768]","[0, 0, 1024, 768]",22,4,1.0506344561145364,0,644859804,3.791432,1.3500532,0.62890625,0.409423828125,-529.0973818139273
kite,289960,800,600,"kite, A person standing on top of a beach flying a kite.","[0, 0, 512, 512]","[0, 0, 800, 600]","[0, 0, 800, 592]",27,4,9.84972019857558,0,906032039,4.1105757,1.4890841,0.56396484375,0.39794921875,-540.1135273295013
kite,288430,800,600,"kite, People flying kites in the sand on a windy beach.","[104, 11, 512, 512]","[0, 0, 800, 600]","[0, 0, 800, 592]",40,5,8.061488674054116,0,1579638338,4.8000445,1.427205,0.60791015625,0.43603515625,-617.3528440497016
kite,199395,683,1024,"kite, a man is flying a kite at on the shore at the beach","[0, 100, 512, 512]","[0, 0, 680, 1024]","[0, 0, 672, 1024]",32,5,3.8404314098044585,0,1182859276,4.4444184,1.5108082,0.49755859375,0.396240234375,-452.9570559656973
kite,514797,1024,702,"kite, At the seawall, the  gentlemen are holding up the kite ","[401, 0, 512, 512]","[0, 0, 1024, 696]","[0, 0, 1024, 688]",44,6,3.69262965878422,0,1827983318,5.329991,1.4856058,0.372802734375,0.349609375,-294.87234932732395
kite,471789,1024,768,"kite, A pair of people flying a kite on a unique trail in a park.","[335, 0, 512, 512]","[0, 0, 1024, 768]","[0, 0, 1024, 768]",33,5,7.666736345881738,0,1217393872,4.107807,1.5489808,0.6533203125,0.341796875,-598.5467017079836
kite,235778,1024,539,"kite, a person hanging paper kites to a wire","[92, 27, 512, 512]","[0, 3, 1024, 536]","[0, 11, 1024, 528]",16,3,8.043318237953184,0,335554307,4.314429,1.47023,0.34765625,0.338623046875,-354.96101402791373
kite,256775,1024,768,"kite, Three children flying a box kite near the ocean.","[512, 0, 512, 512]","[0, 0, 1024, 768]","[0, 0, 1024, 768]",31,5,9.88966672205119,0,1130085198,4.6560655,1.5040925,0.55224609375,0.352783203125,-381.2592742971256
kite,294695,1024,683,"kite, two girls walk off the windy beach while a kite flies overhead","[136, 0, 512, 512]","[0, 0, 1024, 680]","[0, 0, 1024, 672]",25,4,8.945763102970082,0,807025520,5.278554,1.5238031,0.40283203125,0.40966796875,-252.16308814138208
kite,154425,1023,680,"kite, A small boy trying to fly a small kite","[511, 150, 512, 512]","[7, 0, 1016, 680]","[15, 8, 1008, 672]",12,3,9.21529046605526,0,126659316,4.7965426,1.3832911,0.390380859375,0.37744140625,-216.7558880913495
kite,407868,1024,768,"kite, Young people are flying kites at a park.","[82, 25, 512, 512]","[0, 0, 1024, 768]","[0, 0, 1024, 768]",20,4,7.373862226928552,0,544610078,3.904232,1.307654,0.58837890625,0.3173828125,-467.961171532927
kite,570688,1024,768,"kite, Several colorful kites in the sky by several persons in the ground.","[91, 141, 512, 512]","[0, 0, 1024, 768]","[0, 0, 1024, 768]",19,3,5.990471895371578,0,502803994,3.6249433,1.2594142,0.3466796875,0.304931640625,-598.7788048415032
kite,426836,1024,1024,"kite, Someone flying a kite right above the trees.","[92, 0, 512, 512]","[0, 0, 1024, 1024]","[0, 0, 1024, 1024]",11,3,9.309143872631983,0,78112099,4.8975964,1.4958888,0.1343994140625,0.343994140625,-652.7879789502451
kite,549738,1024,681,"kite, A kite is flying in a clear sky.","[64, 144, 512, 512]","[0, 1, 1024, 680]","[0, 9, 1024, 672]",50,6,1.807577018688813,0,2135232880,6.05655,1.429961,0.51806640625,0.402099609375,-264.31033476620246
kite,433515,1024,768,"kite, a large kite on a field of green grass ","[316, 0, 512, 512]","[0, 0, 1024, 768]","[0, 0, 1024, 768]",29,4,4.331183906260067,0,1006074700,4.542649,1.5283376,0.6103515625,0.39404296875,-502.1635239912739
kite,357238,683,1024,"kite, A kite being flown in the middle of a beach.","[62, 26, 512, 512]","[0, 0, 680, 1024]","[0, 0, 672, 1024]",32,5,6.453450491583366,0,1171239504,4.319334,1.5326995,0.355712890625,0.410888671875,-500.1804447862487
kite,570756,1023,685,"kite, A group of people flying kites at the beach","[138, 173, 512, 512]","[0, 5, 1016, 680]","[0, 13, 1008, 672]",43,6,5.29956907226817,0,1754370252,5.6149044,1.491331,0.09033203125,0.271240234375,-696.3861731725635
kite,577959,1024,683,"kite, An old man is flying his kite in the middle of no where.","[428, 0, 512, 512]","[0, 0, 1024, 680]","[0, 0, 1024, 672]",46,6,2.755777541311419,0,1933072943,4.437007,1.5390164,0.462646484375,0.41943359375,-633.1036241762831
kite,468965,1024,768,"kite, some people are flying kites and one male has a red tie on ","[0, 0, 512, 512]","[0, 0, 1024, 768]","[0, 0, 1024, 768]",25,4,1.5602814767499709,0,825039645,4.22713,1.4452976,0.2529296875,0.332275390625,-450.3293000697231
kite,186345,1024,690,"kite, 4 different colored sea horses flying with 4 birds.","[75, 96, 512, 512]","[0, 2, 1024, 688]","[0, 2, 1024, 688]",27,4,2.138665665159264,0,914582800,4.265659,1.5349321,0.167236328125,0.2783203125,-333.3212591685824
kite,39914,779,1024,"kite, A woman and small child are trying to fly a kite.","[267, 275, 512, 512]","[3, 0, 776, 1024]","[11, 0, 768, 1024]",11,3,9.665034264254464,0,86984129,5.824429,1.4019767,0.35546875,0.341064453125,-375.6208900211582
kite,263679,1023,685,"kite, A man standing on top of a sandy beach near a colorful kite.","[84, 56, 512, 512]","[0, 0, 1016, 680]","[0, 0, 1008, 672]",30,4,2.194970835064874,0,1058021795,6.2967105,1.2565172,0.2587890625,0.390869140625,-284.26442385458563
scissors,5001,1024,768,"scissors, A man uses a pair of big scissors to cut a pink ribbon.","[108, 256, 512, 512]","[0, 0, 1024, 768]","[0, 0, 1024, 768]",31,5,8.832242835730762,0,1145441010,5.687455,1.442014,0.098876953125,0.3037109375,-341.93403196981603
scissors,368294,1024,681,"scissors, A woman sitting with a washcloth on her head and scissors in her hands. ","[264, 169, 512, 512]","[0, 1, 1024, 680]","[0, 9, 1024, 672]",26,4,6.428333350464056,0,847200043,4.7104254,1.4601902,0.27880859375,0.41162109375,-499.6268257487836
scissors,251824,800,600,"scissors, A person sitting at a wooden table holding an electronic device.","[288, 88, 512, 512]","[0, 0, 800, 600]","[0, 8, 800, 592]",24,4,7.997806746281609,0,757855135,5.3940697,1.560668,0.521484375,0.394775390625,-236.2333740864561
scissors,550322,683,1024,"scissors, A metal cup filled with scissors and two ladels.","[0, 189, 512, 512]","[0, 0, 680, 1024]","[0, 0, 672, 1024]",35,5,7.444671666432088,0,1340589947,6.219687,1.4753529,0.53173828125,0.370849609375,-284.00788829425505
scissors,99024,1024,771,"scissors, There is a person in the picture by itself.
","[512, 259, 512, 512]","[0, 3, 1024, 768]","[0, 3, 1024, 768]",44,6,8.743542842645962,0,1786372013,4.6276255,1.4994906,0.63525390625,0.48388671875,-392.2932640687072
scissors,154213,800,600,"scissors, A pie sitting in a pan on top of a table next to a pair of scissors.","[288, 88, 512, 512]","[0, 0, 800, 600]","[0, 8, 800, 592]",48,6,9.264138661438862,0,2014448640,5.2857594,1.4445475,0.46484375,0.440185546875,-284.5301084185296
scissors,324715,1023,682,"scissors, A white Macintosh next to duct tape and red scissors.","[511, 170, 512, 512]","[7, 2, 1016, 680]","[15, 10, 1008, 672]",19,3,1.2392896102083748,0,500051954,5.576619,1.463876,0.5400390625,0.439697265625,-494.6981691062924
scissors,500716,911,1024,"scissors, A guy holding a pair of metal scissors in front of his eye.","[0, 92, 512, 512]","[0, 0, 904, 1024]","[0, 0, 896, 1024]",13,3,4.935232001165579,0,168571695,5.3919654,1.5263479,0.4697265625,0.381591796875,-535.5020424706054
scissors,255483,925,1024,"scissors, A person holding many papers and cutting one with scissors.","[210, 327, 512, 512]","[5, 0, 920, 1024]","[10, 0, 912, 1024]",42,6,1.5863877763309675,0,1701289843,4.2881627,1.476838,0.450927734375,0.33154296875,-451.3861158137268
sheep,338304,680,1024,"sheep, A bunch of sheep make their way through the crowded city street.","[73, 488, 512, 512]","[0, 0, 680, 1024]","[0, 0, 672, 1024]",31,5,8.832242835730762,0,1145441010,4.0103593,1.4654253,0.288330078125,0.416748046875,-491.3654581174692
sheep,474881,1024,768,"sheep, The longhorn sheep are grazing on the mountain.","[219, 115, 512, 512]","[0, 0, 1024, 768]","[0, 0, 1024, 768]",25,4,3.5813548817879983,0,821827540,5.086444,1.3643959,0.1533203125,0.344482421875,-384.0693805166602
sheep,269196,1024,683,"sheep, A bunch of sheep in the snow behind a barbed wire fence.","[231, 171, 512, 512]","[0, 3, 1024, 680]","[0, 11, 1024, 672]",35,5,7.444671666432088,0,1340589947,6.8598824,1.1800722,0.137939453125,0.362548828125,-141.6187939757305
sheep,230166,1023,685,"sheep, A herd of sheep grazing on a green grass covered piece of land next to a forest.","[376, 115, 512, 512]","[7, 5, 1016, 680]","[15, 13, 1008, 672]",47,6,9.238421084414568,0,1938609420,6.0078335,1.2513945,0.19873046875,0.39697265625,-100.85530909739916
sheep,535578,683,1024,"sheep, A group of sheep grazing in a grassy valley.","[171, 494, 512, 512]","[3, 0, 680, 1024]","[11, 0, 672, 1024]",48,6,9.264138661438862,0,2014448640,4.311548,1.4027315,0.24560546875,0.401611328125,-54.48300822255531
sheep,44699,1024,681,"sheep, A group of sheep standing on a mountain side.","[162, 169, 512, 512]","[0, 1, 1024, 680]","[0, 9, 1024, 672]",19,3,1.2392896102083748,0,500051954,4.9571724,1.3995066,0.146240234375,0.3779296875,-103.59317435601496
sheep,263966,1024,679,"sheep, A large grey horse is behind a wooden fence.","[512, 167, 512, 512]","[0, 7, 1024, 672]","[0, 7, 1024, 672]",13,3,4.935232001165579,0,168571695,5.219834,1.3299093,0.133544921875,0.341064453125,-572.8559723774028
sheep,290592,1024,681,"sheep, A cluster of black and white sheep hang out by a fence.","[160, 93, 512, 512]","[0, 1, 1024, 680]","[0, 9, 1024, 672]",17,3,5.364498942795593,0,388528798,5.100874,1.3837142,0.21923828125,0.431884765625,-247.76794705801464
sheep,225184,731,1024,"sheep, A dog herding a group of sheep in a meadow","[219, 512, 512, 512]","[3, 0, 728, 1024]","[11, 0, 720, 1024]",42,6,1.5863877763309675,0,1701289843,4.1769195,1.3676608,0.1494140625,0.386962890625,-158.22420910468918
sheep,181666,1024,680,"sheep, The nomadic sheepherd walks behind a large group of livestock in their desert habitat.","[51, 168, 512, 512]","[0, 0, 1024, 680]","[0, 8, 1024, 672]",22,4,1.0506344561145364,0,644859804,5.1846843,1.4688209,0.048675537109375,0.30078125,-280.5025726498956
sheep,552612,612,612,"sheep, A herd of sheep grazing on a lush green field.","[100, 100, 512, 512]","[4, 4, 608, 608]","[4, 4, 608, 608]",48,6,8.475592932741314,0,2038980991,4.470634,1.5074378,0.146240234375,0.322021484375,-286.8684887494733
sheep,156071,1024,768,"sheep, A contestant has caught a sheep during a rodeo event.","[340, 172, 512, 512]","[0, 0, 1024, 768]","[0, 0, 1024, 768]",27,4,9.84972019857558,0,906032039,4.335289,1.4572603,0.11798095703125,0.369384765625,-305.7607352776906
sheep,288685,1024,698,"sheep, a sheep in a field with a dog and people watching ","[130, 186, 512, 512]","[0, 2, 1024, 696]","[0, 10, 1024, 688]",40,5,8.061488674054116,0,1579638338,5.8389645,1.2640121,0.09075927734375,0.37939453125,-32.25471399455408
sheep,340272,1024,576,"sheep, Three sheep are grazing in the field next to the water.","[0, 64, 512, 512]","[0, 0, 1024, 576]","[0, 0, 1024, 576]",32,5,3.8404314098044585,0,1182859276,4.315394,1.2873267,0.28662109375,0.3779296875,-297.1171509843221
sheep,198960,1024,680,"sheep, A group of sheep standing next to each other on a field.","[62, 166, 512, 512]","[0, 0, 1024, 680]","[0, 8, 1024, 672]",31,5,7.348003341305084,0,1131072087,6.100967,1.1705501,0.1510009765625,0.362060546875,-252.37747283791484
sheep,410428,1000,667,"sheep, A herd of sheep are grazing in a green field.","[0, 155, 512, 512]","[0, 3, 1000, 664]","[0, 11, 992, 656]",44,6,3.69262965878422,0,1827983318,6.2160907,1.1703014,0.16259765625,0.383056640625,-163.99923219650782
sheep,22589,800,600,"sheep, A couple of sheep standing next to each other on a field.","[84, 88, 512, 512]","[0, 0, 800, 600]","[0, 8, 800, 592]",33,5,7.666736345881738,0,1217393872,4.9492316,1.3151152,0.2220458984375,0.39013671875,-127.67425216697892
sheep,389566,1024,683,"sheep, A flock of sheep crossing a road, blocking traffic.","[152, 149, 512, 512]","[0, 3, 1024, 680]","[0, 11, 1024, 672]",10,3,3.517724977734583,0,29768455,5.1779056,1.4023777,0.2183837890625,0.4306640625,-518.0087354505717
sheep,154947,1024,1024,"sheep, A sheep standing in a dry grass field.","[244, 512, 512, 512]","[0, 0, 1024, 1024]","[0, 0, 1024, 1024]",16,3,8.043318237953184,0,335554307,5.402723,1.2884339,0.1602783203125,0.369140625,-167.26125320040455
sheep,375763,1024,768,"sheep, A very cute flock of sheep in a grassy field.","[181, 193, 512, 512]","[0, 0, 1024, 768]","[0, 0, 1024, 768]",48,6,9.876146943522146,0,2002619399,4.749084,1.4637702,0.223876953125,0.41943359375,-73.4627691849821
sheep,158548,1024,771,"sheep, Outdoor show with sheep prominent on grass field.","[3, 177, 512, 512]","[0, 3, 1024, 768]","[0, 3, 1024, 768]",25,4,8.945763102970082,0,807025520,3.5808399,1.2666255,0.27685546875,0.370361328125,-263.4880385017581
sheep,46804,1024,768,"sheep, A sheep standing in grass next to a rock wall.","[289, 85, 512, 512]","[0, 0, 1024, 768]","[0, 0, 1024, 768]",12,3,9.21529046605526,0,126659316,5.291728,1.3274899,0.2301025390625,0.392333984375,-220.7965882069253
sheep,406997,720,540,"sheep, A family standing around a small white sheep.","[108, 28, 512, 512]","[0, 4, 720, 536]","[0, 12, 720, 528]",20,4,7.373862226928552,0,544610078,5.506528,1.2495834,0.116943359375,0.3857421875,-283.2194838344335
sheep,238039,768,1024,"sheep, A white sheep standing on top of a dirt road.","[104, 470, 512, 512]","[0, 0, 768, 1024]","[0, 0, 768, 1024]",19,3,5.990471895371578,0,502803994,5.366873,1.3668702,0.09979248046875,0.375244140625,-223.66769529591627
sheep,461405,1024,683,"sheep, A group of sheep in a grassy area with trees in the back ground.","[234, 147, 512, 512]","[0, 3, 1024, 680]","[0, 11, 1024, 672]",11,3,9.309143872631983,0,78112099,4.901187,1.3761477,0.34326171875,0.38818359375,-130.29479676159372
sheep,176606,1024,768,"sheep, A sheep standing up against the side of a house covered in grass.","[282, 120, 512, 512]","[0, 0, 1024, 768]","[0, 0, 1024, 768]",50,6,1.807577018688813,0,2135232880,5.5609074,1.298913,0.0814208984375,0.341064453125,-22.99712183189557
sheep,5992,1023,685,"sheep, A small group of sheep standing together next to a building.","[310, 173, 512, 512]","[7, 5, 1016, 680]","[15, 13, 1008, 672]",29,4,4.331183906260067,0,1006074700,6.2150636,1.1780764,0.2095947265625,0.425537109375,-246.63798863338565
sheep,534394,1024,575,"sheep, A herd of sheep moving up over a wall to a field from a sidewalk.","[0, 63, 512, 512]","[0, 7, 1024, 568]","[0, 15, 1024, 560]",43,6,5.29956907226817,0,1754370252,4.718276,1.4802234,0.263427734375,0.424072265625,-242.98867690619124
skis,51712,1024,589,"skis, a man standing on a pair of skis and coming down a snow covered hill","[71, 77, 512, 512]","[0, 5, 1024, 584]","[0, 13, 1024, 576]",31,5,8.832242835730762,0,1145441010,3.6675925,1.3116049,0.216552734375,0.378662109375,-530.395691453532
skis,473121,1024,680,"skis, A man riding skis down the slide of a snow covered slope.","[512, 168, 512, 512]","[0, 0, 1024, 680]","[0, 8, 1024, 672]",25,4,3.5813548817879983,0,821827540,4.2732625,1.3879921,0.52294921875,0.303955078125,-758.71062986521
skis,96825,926,728,"skis, A man with skis and ski poles is standing next to a hill covered in snow","[209, 216, 512, 512]","[5, 0, 920, 728]","[9, 8, 912, 720]",26,4,6.428333350464056,0,847200043,5.5260615,1.5516788,0.5908203125,0.354736328125,-541.9730180107013
skis,451144,1024,768,"skis, a couple of people on skis sit on top of a snowy hill ","[427, 256, 512, 512]","[0, 0, 1024, 768]","[0, 0, 1024, 768]",24,4,7.997806746281609,0,757855135,4.697491,1.4517105,0.292724609375,0.364501953125,-519.0034791277326
skis,406611,1024,768,"skis, Ski slopes filled with many people on or holding their skis.","[0, 256, 512, 512]","[0, 0, 1024, 768]","[0, 0, 1024, 768]",35,5,7.444671666432088,0,1340589947,5.0858006,1.5669838,0.471923828125,0.349365234375,-700.1102079450557
skis,83540,1024,709,"skis, a person wearing a blue jacket is wearing skis and snowy trees","[345, 197, 512, 512]","[0, 5, 1024, 704]","[0, 5, 1024, 704]",47,6,9.238421084414568,0,1938609420,6.0357094,1.521295,0.06756591796875,0.2120361328125,-499.0050192011786
skis,252507,600,800,"skis, A man riding skis across a snow covered slope.","[17, 288, 512, 512]","[0, 0, 600, 800]","[0, 0, 592, 800]",48,6,9.264138661438862,0,2014448640,4.7810984,1.529755,0.20361328125,0.34912109375,-418.3204290594622
skis,374369,1024,768,"skis, a person standing snow wearing a snow suit and skis","[270, 256, 512, 512]","[0, 0, 1024, 768]","[0, 0, 1024, 768]",19,3,1.2392896102083748,0,500051954,5.128998,1.5699668,0.31982421875,0.40869140625,-430.1218561627084
skis,329827,1024,683,"skis, A person on skis skiing down a mountain.","[322, 171, 512, 512]","[0, 3, 1024, 680]","[0, 11, 1024, 672]",13,3,4.935232001165579,0,168571695,3.8661573,1.488191,0.340576171875,0.35205078125,-612.2296914760245
skis,424551,1024,768,"skis, a man on skis stands on a snowy hill side ","[268, 256, 512, 512]","[0, 0, 1024, 768]","[0, 0, 1024, 768]",17,3,5.364498942795593,0,388528798,5.5058284,1.4599756,0.34130859375,0.3935546875,-198.5007358220209
skis,347265,683,1024,"skis, A person in the snow on some skis.","[106, 493, 512, 512]","[3, 0, 680, 1024]","[11, 0, 672, 1024]",42,6,1.5863877763309675,0,1701289843,3.9677532,1.4163276,0.53857421875,0.403076171875,-712.283882640091
skis,451714,540,720,"skis, A man standing in snow gear on skis while on a snowy hill.","[28, 208, 512, 512]","[4, 0, 536, 720]","[12, 0, 528, 720]",22,4,1.0506344561145364,0,644859804,4.786334,1.5506957,0.6337890625,0.412353515625,-296.3046627491876
skis,118921,1024,683,"skis, A woman riding skis down a snow covered slope.","[381, 171, 512, 512]","[0, 3, 1024, 680]","[0, 11, 1024, 672]",48,6,8.475592932741314,0,2038980991,4.1191397,1.5238688,0.64599609375,0.44970703125,-317.67655951555025
skis,136334,1024,768,"skis, A person riding skis down a snow covered slope past a flag.","[161, 256, 512, 512]","[0, 0, 1024, 768]","[0, 0, 1024, 768]",27,4,9.84972019857558,0,906032039,5.4148564,1.6431139,0.1241455078125,0.212890625,-434.0097217177538
skis,445602,1024,768,"skis, A skier on a snow covered mountain resort.","[393, 256, 512, 512]","[0, 0, 1024, 768]","[0, 0, 1024, 768]",40,5,8.061488674054116,0,1579638338,6.198908,1.6085361,0.338134765625,0.294189453125,-543.2880254829142
skis,266409,1024,768,"skis, A person riding skis on top of a snow covered slope.","[383, 256, 512, 512]","[0, 0, 1024, 768]","[0, 0, 1024, 768]",32,5,3.8404314098044585,0,1182859276,4.7439914,1.7028371,0.61328125,0.395263671875,-389.04993885548265
skis,466602,768,1024,"skis, Small child standing on his skis in the snow. ","[73, 512, 512, 512]","[0, 0, 768, 1024]","[0, 0, 768, 1024]",31,5,7.348003341305084,0,1131072087,4.997095,1.5516258,0.6044921875,0.409912109375,-742.8635423610522
skis,186042,1024,576,"skis, A person in the snow on some skis.","[20, 64, 512, 512]","[0, 0, 1024, 576]","[0, 0, 1024, 576]",44,6,3.69262965878422,0,1827983318,5.464859,1.576315,0.2900390625,0.3134765625,-635.3900225594034
skis,544444,683,1024,"skis, A person skis down a snowy hill. ","[0, 512, 512, 512]","[0, 0, 680, 1024]","[0, 0, 672, 1024]",33,5,7.666736345881738,0,1217393872,4.003772,1.5178514,0.53564453125,0.350341796875,-618.9874072995813
skis,297698,1023,705,"skis, a man on skis fly through the sky ","[462, 158, 512, 512]","[7, 1, 1016, 704]","[15, 1, 1008, 704]",16,3,8.043318237953184,0,335554307,6.0172954,1.3495425,0.453125,0.381103515625,-543.8582597366121
skis,86755,1024,768,"skis, A couple of people riding a pair of skis down a snow covered slope.","[316, 252, 512, 512]","[0, 0, 1024, 768]","[0, 0, 1024, 768]",31,5,9.88966672205119,0,1130085198,4.829665,1.6357442,0.65966796875,0.36865234375,-740.8938409615255
skis,176901,1023,575,"skis, Three people in the snow trying to walk up the hill in skiis.","[368, 63, 512, 512]","[7, 7, 1016, 568]","[15, 15, 1008, 560]",12,3,9.21529046605526,0,126659316,5.3491488,1.4245228,0.4287109375,0.369384765625,-392.2671379999397
skis,197388,1024,627,"skis, A team of skiers rides intently across the snow.","[273, 111, 512, 512]","[0, 3, 1024, 624]","[0, 3, 1024, 624]",20,4,7.373862226928552,0,544610078,4.499957,1.5519742,0.59619140625,0.41455078125,-695.7294111404435
skis,464144,681,1023,"skis, A man on skis with ski poles has just descended the mountain. ","[0, 511, 512, 512]","[0, 7, 680, 1016]","[0, 15, 672, 1008]",19,3,5.990471895371578,0,502803994,4.2407184,1.4387374,0.51513671875,0.43408203125,-332.1617130487432
skis,377113,1024,683,"skis, A person on some skis in the water.","[301, 171, 512, 512]","[0, 3, 1024, 680]","[0, 11, 1024, 672]",50,6,1.807577018688813,0,2135232880,5.3213825,1.5123816,0.66748046875,0.373291015625,-660.5748020121132
skis,80671,1000,667,"skis, A child is bent over on skis in the snow.","[265, 155, 512, 512]","[0, 3, 1000, 664]","[8, 11, 992, 656]",29,4,4.331183906260067,0,1006074700,4.67361,1.4981043,0.5498046875,0.36279296875,-610.7198447914011
skis,561958,1024,768,"skis, many people holding skis and snow boards on a snowy surface","[475, 110, 512, 512]","[0, 0, 1024, 768]","[0, 0, 1024, 768]",32,5,6.453450491583366,0,1171239504,4.838345,1.4689575,0.3408203125,0.34326171875,-400.444143937071
skis,30504,768,1024,"skis, A person riding skis down a snow covered slope.","[105, 512, 512, 512]","[0, 0, 768, 1024]","[0, 0, 768, 1024]",43,6,5.29956907226817,0,1754370252,5.415119,1.489673,0.71533203125,0.447998046875,-446.49188013169714
skis,376112,681,1024,"skis, Lots of people standing on skis at the top of a hill.","[84, 512, 512, 512]","[0, 0, 680, 1024]","[4, 0, 672, 1024]",30,5,8.135720924475056,0,1084998680,5.0378437,1.5129676,0.55517578125,0.432373046875,-317.81975311591555
skis,43314,1024,771,"skis, A man flying through the air while riding skis.","[214, 55, 512, 512]","[0, 0, 1024, 768]","[0, 0, 1024, 768]",46,6,2.755777541311419,0,1933072943,6.177902,1.3694438,0.424072265625,0.389892578125,-699.5595481250668
skis,469828,1024,768,"skis, a person on skis riding on some snow ","[39, 251, 512, 512]","[0, 0, 1024, 768]","[0, 0, 1024, 768]",25,4,1.5602814767499709,0,825039645,3.5255048,1.2060839,0.42236328125,0.278076171875,-463.6441357624726
skis,573258,1024,768,"skis, a person riding skis on a snowy slope","[230, 256, 512, 512]","[0, 0, 1024, 768]","[0, 0, 1024, 768]",27,4,2.138665665159264,0,914582800,4.8293905,1.4947684,0.292236328125,0.3330078125,-456.81096279584
skis,33104,767,895,"skis, A group of people standing around each other in skis.","[212, 383, 512, 512]","[7, 7, 760, 888]","[15, 15, 752, 880]",11,3,9.665034264254464,0,86984129,5.215205,1.7300822,0.153564453125,0.2442626953125,-409.2155332662946
skis,314709,800,533,"skis, a person riding skis on a snowy slope","[95, 21, 512, 512]","[0, 5, 800, 528]","[0, 5, 800, 528]",30,4,2.194970835064874,0,1058021795,3.7103589,1.3778759,0.427978515625,0.3974609375,-371.9625558443754
skis,196442,1024,683,"skis, a man holding onto a some wires while skiin ","[23, 155, 512, 512]","[0, 3, 1024, 680]","[0, 11, 1024, 672]",29,4,3.0348849462685425,0,1014848104,3.6347554,1.3112317,0.5966796875,0.418212890625,-419.441304664673
skis,401250,1024,531,"skis, A person that is doing a trick in the air.","[155, 0, 512, 512]","[0, 0, 1024, 528]","[0, 0, 1024, 528]",39,5,4.393507338605968,0,1521018998,5.846403,1.560471,0.465087890625,0.37841796875,-648.9795102835142
skis,53626,1024,768,"skis, A group of men riding skis on top of a snow covered slope.","[209, 256, 512, 512]","[0, 0, 1024, 768]","[0, 0, 1024, 768]",28,4,6.610794772067163,0,946897390,4.1738405,1.4249883,0.6572265625,0.401611328125,-420.1864055747865
skis,342397,1024,683,"skis, a young man wearing skis slides down the slope","[263, 171, 512, 512]","[0, 3, 1024, 680]","[0, 11, 1024, 672]",23,4,8.038865176023725,0,693415842,4.361587,1.5723132,0.4912109375,0.3876953125,-379.3767236562917
skis,541055,1024,576,"skis, A group of people on the ski slope in their skis. ","[0, 64, 512, 512]","[0, 0, 1024, 576]","[0, 0, 1024, 576]",17,3,1.7078400439235306,0,411317620,4.1224847,1.3044661,0.273681640625,0.2479248046875,-683.8894536171288
skis,312720,1024,683,"skis, A person on skis flies through the air on a rope.","[409, 171, 512, 512]","[0, 3, 1024, 680]","[0, 11, 1024, 672]",20,4,7.865125519139077,0,548344684,4.513304,1.5235697,0.67822265625,0.3857421875,-633.1639275476207
skis,5529,711,1024,"skis, A person on skis skiing down a mountain slope.","[0, 421, 512, 512]","[0, 0, 704, 1024]","[0, 0, 704, 1024]",10,3,3.888677059518759,0,27700026,4.5604296,1.4895056,0.513671875,0.336181640625,-621.8500910331993
skis,470952,685,1023,"skis, a person riding skis on a snowy surface","[173, 511, 512, 512]","[5, 7, 680, 1016]","[13, 15, 672, 1008]",46,6,2.7039881748540786,0,1901078373,5.4336896,1.4801813,0.615234375,0.421142578125,-201.1091883868373
skis,2473,1024,683,"skis, A man flying through the air while riding skis.","[234, 131, 512, 512]","[0, 3, 1024, 680]","[0, 11, 1024, 672]",33,5,6.363575990083298,0,1245682962,3.8796594,1.410346,0.2626953125,0.378173828125,-1016.7152864245868
skis,99242,800,533,"skis, A person skiing in an open area of snow.","[210, 21, 512, 512]","[0, 5, 800, 528]","[0, 5, 800, 528]",12,3,6.352203040853406,0,143465762,3.958886,1.4353156,0.689453125,0.405029296875,-382.2434346360169
snowboard,343937,1023,685,"snowboard, A woman wearing a white hat and white coat snowboarding down a slope.","[334, 173, 512, 512]","[7, 5, 1016, 680]","[15, 13, 1008, 672]",31,5,8.832242835730762,0,1145441010,4.9356976,1.5860754,0.6591796875,0.416748046875,-541.0053454052627
snowboard,97679,1024,768,"snowboard, A car with a snowboard on it's ski rack parked in a foggy parking lot next to two cars with empty ski racks. ","[162, 18, 512, 512]","[0, 0, 1024, 768]","[0, 0, 1024, 768]",26,4,6.428333350464056,0,847200043,5.6129627,1.5157465,0.62451171875,0.39453125,-450.9738250720181
snowboard,217872,685,1024,"snowboard, A person doing a trick on a snowboard over a hill.","[135, 167, 512, 512]","[5, 0, 680, 1024]","[13, 0, 672, 1024]",24,4,7.997806746281609,0,757855135,5.3376966,1.4989463,0.79736328125,0.46240234375,-462.4205624402389
snowboard,563349,683,1024,"snowboard, A person up in the air on a snowboard.","[171, 337, 512, 512]","[3, 0, 680, 1024]","[11, 0, 672, 1024]",47,6,9.238421084414568,0,1938609420,4.447289,1.587762,0.74072265625,0.38330078125,-533.0076176812947
snowboard,44195,740,1024,"snowboard, A woman with a snowboard with a man standing next to her on a ski slope.","[148, 352, 512, 512]","[4, 0, 736, 1024]","[4, 0, 736, 1024]",44,6,8.743542842645962,0,1786372013,5.289008,1.4570315,0.693359375,0.446044921875,-442.0172300032659
snowboard,492968,1024,680,"snowboard, A snowboarder with black and white clothes finishing a run.","[235, 168, 512, 512]","[0, 0, 1024, 680]","[0, 8, 1024, 672]",19,3,1.2392896102083748,0,500051954,4.1380167,1.3442616,0.3701171875,0.374267578125,-382.56958438842
snowboard,400044,773,1024,"snowboard, A person riding a snowboard into the air next to a tall building.","[261, 512, 512, 512]","[5, 0, 768, 1024]","[5, 0, 768, 1024]",13,3,4.935232001165579,0,168571695,4.3712897,1.4278438,0.1522216796875,0.341796875,-504.1250251609831
snowboard,425906,741,1024,"snowboard, A man flying through the air while riding a snowboard.","[56, 55, 512, 512]","[0, 0, 736, 1024]","[0, 0, 736, 1024]",17,3,5.364498942795593,0,388528798,5.273907,1.407185,0.76123046875,0.412353515625,-476.29741043256377
snowboard,95155,1024,683,"snowboard, Four picture collage of a snowboarder wearing a red jacket and brown pants going down a snowy mountain side.","[56, 171, 512, 512]","[0, 3, 1024, 680]","[0, 11, 1024, 672]",42,6,1.5863877763309675,0,1701289843,4.741225,1.5316806,0.591796875,0.454345703125,-550.8423239655817
snowboard,36539,683,1024,"snowboard, There is a man and a young girl snowboarding ","[97, 512, 512, 512]","[3, 0, 680, 1024]","[11, 0, 672, 1024]",22,4,1.0506344561145364,0,644859804,5.731987,1.4525874,0.391357421875,0.30908203125,-579.5165607252534
snowboard,23359,1024,685,"snowboard, A man flying through the air while riding a snowboard.","[196, 115, 512, 512]","[0, 5, 1024, 680]","[0, 13, 1024, 672]",48,6,8.475592932741314,0,2038980991,4.820768,1.5011942,0.54443359375,0.376220703125,-326.3934715480018
snowboard,350405,1024,683,"snowboard, A snowboarder sailing down a snowy hillside on a mountain.","[450, 171, 512, 512]","[0, 3, 1024, 680]","[0, 11, 1024, 672]",27,4,9.84972019857558,0,906032039,4.5139647,1.4023448,0.3740234375,0.396728515625,-459.9020947337808
snowboard,125257,1024,768,"snowboard, A man on a snowboard on a groomed slope.","[340, 106, 512, 512]","[0, 0, 1024, 768]","[0, 0, 1024, 768]",40,5,8.061488674054116,0,1579638338,5.1625314,1.5796555,0.0135345458984375,0.234619140625,-512.1457365169097
snowboard,387916,1024,677,"snowboard, People walking and holding ski boards on snow covered ski slopes.","[57, 165, 512, 512]","[0, 5, 1024, 672]","[0, 5, 1024, 672]",32,5,3.8404314098044585,0,1182859276,4.1752033,1.4019216,0.51220703125,0.421630859375,-347.59079325432776
snowboard,341719,1024,768,"snowboard, A group of people with skis and snowboards stand on a mountain.","[512, 256, 512, 512]","[0, 0, 1024, 768]","[0, 0, 1024, 768]",31,5,7.348003341305084,0,1131072087,4.5977216,1.5543038,0.81787109375,0.427978515625,-737.0490919914646
snowboard,94944,1024,683,"snowboard, A group of people on slope with snowboards and skis.","[433, 171, 512, 512]","[0, 3, 1024, 680]","[0, 11, 1024, 672]",44,6,3.69262965878422,0,1827983318,5.6912565,1.4299779,0.6455078125,0.414306640625,-360.8251086236969
snowboard,407650,1023,685,"snowboard, A man flying through the air while riding a snowboard.","[248, 173, 512, 512]","[0, 5, 1016, 680]","[0, 13, 1008, 672]",33,5,7.666736345881738,0,1217393872,5.0685277,1.5197172,0.30810546875,0.346923828125,-489.7960173136903
snowboard,447465,1024,682,"snowboard, Skiers line up for the starting gate at a race.","[0, 115, 512, 512]","[0, 2, 1024, 680]","[0, 10, 1024, 672]",10,3,3.517724977734583,0,29768455,5.3648376,1.4216068,0.0133285522460937,0.3037109375,-448.53535703113766
snowboard,74860,1024,683,"snowboard, A man sitting on the ground with a snowboard on his feet.","[32, 171, 512, 512]","[0, 3, 1024, 680]","[0, 11, 1024, 672]",16,3,8.043318237953184,0,335554307,5.5667744,1.5146339,0.81298828125,0.413330078125,-515.411328655005
snowboard,89078,767,1024,"snowboard, Female snowboarder riding down a trail smiling at camera.","[166, 512, 512, 512]","[7, 0, 760, 1024]","[15, 0, 752, 1024]",48,6,9.876146943522146,0,2002619399,5.3410115,1.4688623,0.494384765625,0.31787109375,-757.457220098835
sports ball,438862,1024,683,"sports ball, a group of adults playing soccer on a field","[36, 171, 512, 512]","[0, 3, 1024, 680]","[0, 11, 1024, 672]",24,4,7.997806746281609,0,757855135,4.147887,1.4050992,0.81591796875,0.441162109375,-861.5427653281756
sports ball,179285,685,1023,"sports ball, A Penn tennis bill resting on a tennis racquet","[173, 259, 512, 512]","[5, 7, 680, 1016]","[13, 11, 672, 1008]",35,5,7.444671666432088,0,1340589947,5.3985786,1.4266075,0.453369140625,0.383056640625,-262.8381351994888
sports ball,257624,678,1024,"sports ball, there is a young girl playing with soccer balls","[11, 512, 512, 512]","[0, 0, 672, 1024]","[0, 0, 672, 1024]",47,6,9.238421084414568,0,1938609420,4.824386,1.431186,0.6826171875,0.41357421875,-894.5060994919102
sports ball,225405,1024,753,"sports ball, Two boys are playing with a soccer ball.","[247, 241, 512, 512]","[0, 1, 1024, 752]","[0, 1, 1024, 752]",44,6,8.743542842645962,0,1786372013,3.5118423,1.1788793,0.73681640625,0.442626953125,-316.01583266908347
sports ball,60102,1024,576,"sports ball, Two opponents are playing during a soccor game.","[0, 0, 512, 512]","[0, 0, 1024, 576]","[0, 0, 1024, 576]",48,6,9.264138661438862,0,2014448640,4.239339,1.372598,0.91064453125,0.474365234375,-296.2086712870812
sports ball,308476,1024,768,"sports ball, A polar bear standing on a rock formation in an enclosure.","[512, 146, 512, 512]","[0, 0, 1024, 768]","[0, 0, 1024, 768]",13,3,4.935232001165579,0,168571695,4.490795,1.4668424,0.173828125,0.310791015625,-270.1306226879965
sports ball,410880,1024,768,"sports ball, A large and over-sized stuffed teddy bear sitting in a chair.","[35, 0, 512, 512]","[0, 0, 1024, 768]","[0, 0, 1024, 768]",17,3,5.364498942795593,0,388528798,4.7925754,1.5947249,0.15234375,0.312255859375,-572.600648699502
sports ball,407298,1024,768,"sports ball, A kid with a glove and a ball.","[405, 256, 512, 512]","[0, 0, 1024, 768]","[0, 0, 1024, 768]",42,6,1.5863877763309675,0,1701289843,3.9510407,1.2671626,0.505859375,0.36669921875,-443.1384042361592
sports ball,347930,1024,768,"sports ball, A blue dog sitting on  a striped couch","[118, 0, 512, 512]","[0, 0, 1024, 768]","[0, 0, 1024, 768]",22,4,1.0506344561145364,0,644859804,5.0654163,1.4837409,0.10260009765625,0.337158203125,-693.6032216978207
sports ball,190236,1024,628,"sports ball, An office cubicle with four different types of computers.","[512, 116, 512, 512]","[0, 4, 1024, 624]","[0, 4, 1024, 624]",48,6,8.475592932741314,0,2038980991,4.4870615,1.5074373,0.71435546875,0.359619140625,-512.1929983470873
sports ball,12062,1024,683,"sports ball, A large white sheep standing next to other sheep.","[512, 0, 512, 512]","[0, 0, 1024, 680]","[0, 0, 1024, 672]",27,4,9.84972019857558,0,906032039,4.26739,1.4603032,0.33447265625,0.303466796875,-853.6079258791751
sports ball,42296,1024,680,"sports ball, a polar bear partially submerged in a body of water","[140, 168, 512, 512]","[0, 0, 1024, 680]","[0, 8, 1024, 672]",40,5,8.061488674054116,0,1579638338,5.204757,1.4215537,0.70068359375,0.408203125,-509.9959350627228
sports ball,463690,1024,683,"sports ball, The man is lying on the sidewalk with one leg in the air.","[226, 0, 512, 512]","[0, 0, 1024, 680]","[0, 0, 1024, 672]",32,5,3.8404314098044585,0,1182859276,4.963197,1.5134659,0.8857421875,0.4521484375,-457.37054951239406
sports ball,457559,1024,683,"sports ball, A group of young men playing a game of soccer.","[129, 171, 512, 512]","[0, 3, 1024, 680]","[0, 11, 1024, 672]",31,5,7.348003341305084,0,1131072087,3.9659765,1.2984499,0.427001953125,0.412353515625,-1008.8498650799922
sports ball,371552,1024,683,"sports ball, a boy with a green shirt and a black pair of shorts playing soccer","[26, 171, 512, 512]","[0, 3, 1024, 680]","[0, 11, 1024, 672]",33,5,7.666736345881738,0,1217393872,4.16852,1.3709627,0.84765625,0.4560546875,-448.5141675926518
sports ball,398203,1024,683,"sports ball, Several children on teams are running toward a soccer ball","[186, 171, 512, 512]","[0, 3, 1024, 680]","[0, 11, 1024, 672]",10,3,3.517724977734583,0,29768455,3.7028873,1.2750653,0.599609375,0.443603515625,-286.0282324730176
sports ball,398742,683,1024,"sports ball, A hefty rugby player in red shirt and black shorts in the air.","[156, 127, 512, 512]","[3, 0, 680, 1024]","[11, 0, 672, 1024]",16,3,8.043318237953184,0,335554307,4.4767923,1.4506259,0.74169921875,0.441650390625,-421.1162266555709
sports ball,22935,1024,768,"sports ball, A girl chasing after a soccer ball with an opposing team member close behind","[0, 167, 512, 512]","[0, 0, 1024, 768]","[0, 0, 1024, 768]",31,5,9.88966672205119,0,1130085198,4.5438848,1.4315392,0.89404296875,0.43701171875,-404.585633936159
sports ball,328601,634,1024,"sports ball, A tennis players concentrates as he prepares to smack the ball.","[122, 188, 512, 512]","[2, 0, 632, 1024]","[10, 0, 624, 1024]",48,6,9.876146943522146,0,2002619399,3.9347954,1.3852658,0.08526611328125,0.28515625,-462.2945162223714
sports ball,162732,1024,683,"sports ball, THERE ARE PEOPLE PLAYING A SOCCER GAME ON THE FIELD","[0, 58, 512, 512]","[0, 0, 1024, 680]","[0, 0, 1024, 672]",25,4,8.945763102970082,0,807025520,4.4829445,1.437891,0.393310546875,0.43505859375,-503.48724421212296
sports ball,474028,1000,667,"sports ball, a group of kids playing soccer in a field","[0, 155, 512, 512]","[0, 3, 1000, 664]","[0, 11, 992, 656]",12,3,9.21529046605526,0,126659316,3.9298024,1.3060118,0.580078125,0.394287109375,-698.2311627196393
sports ball,238013,964,644,"sports ball, A man is playing tennis, the ball is coming toward him.","[452, 37, 512, 512]","[4, 0, 960, 640]","[4, 0, 960, 640]",20,4,7.373862226928552,0,544610078,5.0033545,1.6507388,0.0304718017578125,0.293701171875,-654.4884748295822
stop sign,333697,682,1023,"stop sign, Two street signs on the corner of a stone wall.","[26, 0, 512, 512]","[0, 0, 680, 1016]","[0, 0, 672, 1008]",31,5,8.832242835730762,0,1145441010,4.656626,1.4804373,0.1357421875,0.33203125,-377.0726213427943
stop sign,104198,1024,768,"stop sign, A stop sign with a pagoda in the background.","[512, 187, 512, 512]","[0, 0, 1024, 768]","[0, 0, 1024, 768]",25,4,3.5813548817879983,0,821827540,5.1840925,1.3364897,0.56005859375,0.434326171875,-568.8039188482257
stop sign,225946,1024,741,"stop sign, A train traveling through the countryside next to a dirt road.","[0, 114, 512, 512]","[0, 2, 1024, 736]","[0, 2, 1024, 736]",24,4,7.997806746281609,0,757855135,5.2819023,1.4326961,0.58203125,0.3583984375,-438.99265474924186
stop sign,95899,1024,768,"stop sign, A red stop sign next to a blue street sign.","[0, 56, 512, 512]","[0, 0, 1024, 768]","[0, 0, 1024, 768]",35,5,7.444671666432088,0,1340589947,5.464307,1.565573,0.53369140625,0.4541015625,-623.1564421290127
stop sign,579893,800,531,"stop sign, A close up of the stop sign and to street signs.","[288, 19, 512, 512]","[0, 3, 800, 528]","[0, 3, 800, 528]",48,6,9.264138661438862,0,2014448640,5.501866,1.4771008,0.5068359375,0.441650390625,-506.5845788951847
stop sign,414133,1024,768,"stop sign, A stop sign saying whoa instead of stop.","[279, 141, 512, 512]","[0, 0, 1024, 768]","[0, 0, 1024, 768]",19,3,1.2392896102083748,0,500051954,3.9447536,1.4425646,0.452880859375,0.36962890625,-920.019851549431
stop sign,100283,1000,750,"stop sign, A stop sign on the corner in front of a row of stores.","[272, 10, 512, 512]","[0, 0, 1000, 744]","[8, 0, 992, 736]",13,3,4.935232001165579,0,168571695,5.4483767,1.5596217,0.5830078125,0.469482421875,-462.5339326403787
stop sign,232646,1024,819,"stop sign, A stop sign at the end of the road.","[512, 0, 512, 512]","[0, 0, 1024, 816]","[0, 0, 1024, 816]",22,4,1.0506344561145364,0,644859804,4.8925347,1.5217526,0.65966796875,0.484375,-682.113195942211
stop sign,343496,1023,628,"stop sign, A person walking by stop sign at street intersection.","[38, 0, 512, 512]","[0, 0, 1016, 624]","[0, 0, 1008, 624]",48,6,8.475592932741314,0,2038980991,4.272022,1.5607649,0.67529296875,0.4404296875,-735.4424552545975
stop sign,104782,800,600,"stop sign, a stop sign and a white and green street sign and a tree","[200, 88, 512, 512]","[0, 0, 800, 600]","[0, 8, 800, 592]",32,5,3.8404314098044585,0,1182859276,4.9571886,1.5335597,0.62255859375,0.483154296875,-600.0768652747245
stop sign,724,768,1024,"stop sign, A stop sign is mounted upside-down on it's post. ","[127, 47, 512, 512]","[0, 0, 768, 1024]","[0, 0, 768, 1024]",44,6,3.69262965878422,0,1827983318,4.679277,1.4498637,0.493408203125,0.44873046875,-344.4312580283422
stop sign,369751,682,1024,"stop sign, A row of parking meters in front of a stop sign. ","[170, 0, 512, 512]","[2, 0, 680, 1024]","[10, 0, 672, 1024]",33,5,7.666736345881738,0,1217393872,4.3133636,1.5659592,0.68359375,0.489013671875,-455.8902537031631
stop sign,213593,1024,682,"stop sign, A red stop sign sitting on the side of a tall building.","[55, 0, 512, 512]","[0, 0, 1024, 680]","[0, 0, 1024, 672]",10,3,3.517724977734583,0,29768455,5.154824,1.5847706,0.64892578125,0.478271484375,-466.9728659421821
stop sign,193884,1024,768,"stop sign, A red stop sign sitting on the side of a road.","[395, 0, 512, 512]","[0, 0, 1024, 768]","[0, 0, 1024, 768]",16,3,8.043318237953184,0,335554307,4.539581,1.564654,0.71923828125,0.50244140625,-377.04563824249567
stop sign,239843,1024,768,"stop sign, Two street signs on top of a stop sign.","[236, 256, 512, 512]","[0, 0, 1024, 768]","[0, 0, 1024, 768]",31,5,9.88966672205119,0,1130085198,4.8538003,1.6254929,0.5302734375,0.51220703125,-533.6656235278138
stop sign,91619,683,1024,"stop sign, A red stop sign sitting next to a light pole.","[58, 234, 512, 512]","[0, 0, 680, 1024]","[0, 0, 672, 1024]",48,6,9.876146943522146,0,2002619399,5.26821,1.5801047,0.63818359375,0.423095703125,-563.3868767705162
stop sign,212072,800,600,"stop sign, A stop sign in front of some buildings.","[288, 0, 512, 512]","[0, 0, 800, 600]","[0, 0, 800, 592]",25,4,8.945763102970082,0,807025520,5.2874093,1.5201406,0.623046875,0.468994140625,-376.1644747378973
stop sign,100723,900,600,"stop sign, A large group of people standing in the street.","[225, 0, 512, 512]","[4, 0, 896, 600]","[4, 0, 896, 592]",12,3,9.21529046605526,0,126659316,5.601834,1.4661895,0.337158203125,0.407470703125,-357.7431579793368
stop sign,11122,1024,768,"stop sign, A red stop sign behind a chain link fence.","[208, 69, 512, 512]","[0, 0, 1024, 768]","[0, 0, 1024, 768]",20,4,7.373862226928552,0,544610078,4.2140913,1.5388225,0.56396484375,0.459228515625,-630.7073941370584
stop sign,297343,1024,691,"stop sign, A stop sign has been placed upside-down in the grass beside a building. ","[0, 145, 512, 512]","[0, 3, 1024, 688]","[0, 3, 1024, 688]",19,3,5.990471895371578,0,502803994,5.105856,1.5513228,0.61962890625,0.47509765625,-684.223076821474
tennis racket,64523,1024,710,"tennis racket, A black and white photograph of a female tennis club.","[413, 198, 512, 512]","[0, 6, 1024, 704]","[0, 6, 1024, 704]",31,5,8.832242835730762,0,1145441010,5.8526,1.4322532,0.8466796875,0.449462890625,-588.7089542682979
tennis racket,39951,1024,712,"tennis racket, A young boy taking a swing at a tennis ball","[330, 200, 512, 512]","[0, 0, 1024, 712]","[0, 8, 1024, 704]",25,4,3.5813548817879983,0,821827540,5.5461106,1.552902,0.7333984375,0.472412109375,-938.4977357289464
tennis racket,410650,1024,768,"tennis racket, A woman hitting a tennis ball with a tennis racket","[74, 0, 512, 512]","[0, 0, 1024, 768]","[0, 0, 1024, 768]",24,4,7.997806746281609,0,757855135,4.08434,1.3830507,0.43212890625,0.364990234375,-574.8561737885893
tennis racket,271402,678,1024,"tennis racket, Two young girls with a tennis racket and a scooter.","[138, 419, 512, 512]","[6, 0, 672, 1024]","[6, 0, 672, 1024]",35,5,7.444671666432088,0,1340589947,5.7321563,1.4195138,0.65869140625,0.4169921875,-1376.9771147645258
tennis racket,127530,1023,704,"tennis racket, A man on a court swinging a tennis racket.","[311, 0, 512, 512]","[7, 0, 1016, 704]","[15, 0, 1008, 704]",47,6,9.238421084414568,0,1938609420,5.224463,1.5398924,0.68896484375,0.424560546875,-1090.9266015002604
tennis racket,449579,1024,683,"tennis racket, Woman in red shirt holding up a tennis racket on a court. ","[0, 0, 512, 512]","[0, 0, 1024, 680]","[0, 0, 1024, 672]",44,6,8.743542842645962,0,1786372013,5.3352985,1.608288,0.83984375,0.47802734375,-761.1575164014578
tennis racket,475191,1024,768,"tennis racket, A blurry woman is holding a tennis racquet in the air","[383, 0, 512, 512]","[0, 0, 1024, 768]","[0, 0, 1024, 768]",48,6,9.264138661438862,0,2014448640,4.9498863,1.660204,0.42236328125,0.277587890625,-373.2395470411693
tennis racket,39480,1024,683,"tennis racket, a woman walking on a tennis court holding a tennis racket.","[305, 171, 512, 512]","[0, 3, 1024, 680]","[0, 11, 1024, 672]",19,3,1.2392896102083748,0,500051954,5.007392,1.5300447,0.75830078125,0.469970703125,-615.8375670843509
tennis racket,382009,1024,683,"tennis racket, A person on a court with a tennis racket.","[478, 171, 512, 512]","[0, 3, 1024, 680]","[0, 11, 1024, 672]",13,3,4.935232001165579,0,168571695,5.274759,1.5646541,0.77685546875,0.501953125,-854.6555949100305
tennis racket,78915,769,1024,"tennis racket, A tennis player hits a high ball in front of an audience. ","[34, 306, 512, 512]","[0, 0, 768, 1024]","[0, 0, 768, 1024]",17,3,5.364498942795593,0,388528798,4.117579,1.4973004,0.58544921875,0.375244140625,-481.8026796863219
tennis racket,151629,683,1024,"tennis racket, Guy in shorts holding tennis racket takes aim.","[171, 380, 512, 512]","[3, 0, 680, 1024]","[11, 0, 672, 1024]",42,6,1.5863877763309675,0,1701289843,4.7471976,1.3758286,0.6943359375,0.419921875,-482.05435602521857
tennis racket,431693,1023,682,"tennis racket, A person on a court with a tennis racket.","[0, 170, 512, 512]","[0, 2, 1016, 680]","[0, 10, 1008, 672]",22,4,1.0506344561145364,0,644859804,4.9152656,1.5456884,0.80517578125,0.4267578125,-907.3400484011912
tennis racket,351823,813,1024,"tennis racket, A man holds a tennis racket on a tennis court.","[0, 256, 512, 512]","[0, 0, 808, 1024]","[0, 0, 800, 1024]",48,6,8.475592932741314,0,2038980991,4.391712,1.4863362,0.64501953125,0.352783203125,-488.97555780508856
tennis racket,203864,1023,786,"tennis racket, Two men with tennis rackets playing doubles tennis.","[352, 223, 512, 512]","[7, 2, 1016, 784]","[15, 2, 1008, 784]",27,4,9.84972019857558,0,906032039,4.9609685,1.5600731,0.66845703125,0.43701171875,-758.8643687257277
tennis racket,33368,683,1024,"tennis racket, A person standing on a blue floor holding a tennis racket","[0, 187, 512, 512]","[0, 0, 680, 1024]","[0, 0, 672, 1024]",40,5,8.061488674054116,0,1579638338,4.2904387,1.4962114,0.80419921875,0.470458984375,-545.067187496873
tennis racket,438876,800,533,"tennis racket, man with a tennis racket waits for the ball","[288, 21, 512, 512]","[0, 5, 800, 528]","[0, 5, 800, 528]",32,5,3.8404314098044585,0,1182859276,4.846575,1.4739127,0.7958984375,0.46728515625,-1456.4679047877132
tennis racket,183391,1011,1024,"tennis racket, Man swinging tennis racket while group of people watches","[5, 0, 512, 512]","[0, 0, 1008, 1024]","[0, 0, 1008, 1024]",31,5,7.348003341305084,0,1131072087,5.6856775,1.4653511,0.75048828125,0.403564453125,-342.21094926157934
tennis racket,79969,681,1024,"tennis racket, a tennis player hitting a serve on a court","[169, 0, 512, 512]","[1, 0, 680, 1024]","[9, 0, 672, 1024]",44,6,3.69262965878422,0,1827983318,5.3881636,1.5967939,0.578125,0.321533203125,-601.4306460404832
tennis racket,37988,1024,768,"tennis racket, a woman is throwing a tennis ball to serve","[223, 216, 512, 512]","[0, 0, 1024, 768]","[0, 0, 1024, 768]",33,5,7.666736345881738,0,1217393872,4.4123373,1.5062629,0.845703125,0.482666015625,-630.4124174337253
tennis racket,152686,1024,640,"tennis racket, a man is swinging a tennis racket on a court","[309, 0, 512, 512]","[0, 0, 1024, 640]","[0, 0, 1024, 640]",16,3,8.043318237953184,0,335554307,4.408884,1.4906306,0.7568359375,0.46337890625,-1572.0945729572015
tennis racket,406129,685,1023,"tennis racket, A man reaches his tennis racket up to hit the ball.","[140, 0, 512, 512]","[5, 0, 680, 1016]","[13, 0, 672, 1008]",48,6,9.876146943522146,0,2002619399,5.549955,1.4478225,0.7744140625,0.451416015625,-1354.667810935522
tennis racket,409211,1024,683,"tennis racket, A man standing on a clay tennis court with a racquet.","[362, 0, 512, 512]","[0, 0, 1024, 680]","[0, 0, 1024, 672]",25,4,8.945763102970082,0,807025520,5.5721984,1.4413275,0.74951171875,0.45849609375,-1033.6487666221983
tennis racket,373382,768,1024,"tennis racket, People sitting in the stands watching a man play tennis.","[19, 0, 512, 512]","[0, 0, 768, 1024]","[0, 0, 768, 1024]",12,3,9.21529046605526,0,126659316,5.2003775,1.4706498,0.810546875,0.47021484375,-1000.860222431206
tennis racket,522889,679,1023,"tennis racket, A woman who is running and swinging a tennis racket.","[0, 64, 512, 512]","[0, 0, 672, 1016]","[0, 0, 672, 1008]",20,4,7.373862226928552,0,544610078,4.947441,1.6474483,0.81787109375,0.48046875,-1236.5523245273578
tennis racket,182923,600,800,"tennis racket, A woman swinging a tennis racquet on a tennis court.","[0, 0, 512, 512]","[0, 0, 600, 800]","[0, 0, 592, 800]",19,3,5.990471895371578,0,502803994,4.422404,1.5311204,0.03912353515625,0.2340087890625,-355.1641855356484
tennis racket,266892,1024,683,"tennis racket, a woman standing at the end of a tennis court holding up a racket ","[223, 0, 512, 512]","[0, 0, 1024, 680]","[0, 0, 1024, 672]",11,3,9.309143872631983,0,78112099,4.1614923,1.3919336,0.38818359375,0.353271484375,-683.4673152214577
tennis racket,55950,682,1024,"tennis racket, a man is on a court with a tennis racket","[0, 17, 512, 512]","[0, 0, 680, 1024]","[0, 0, 672, 1024]",50,6,1.807577018688813,0,2135232880,5.069975,1.489401,0.76806640625,0.4912109375,-874.9796319752134
tennis racket,199310,683,1024,"tennis racket, An old person is holding a tennis racket. ","[46, 57, 512, 512]","[0, 0, 680, 1024]","[0, 0, 672, 1024]",29,4,4.331183906260067,0,1006074700,5.7236977,1.3522242,0.8310546875,0.46044921875,-713.0460270364688
tennis racket,80022,1023,682,"tennis racket, A tennis player wearing white holds out his tennis racket as a ball floats in the air near it.","[311, 170, 512, 512]","[7, 2, 1016, 680]","[15, 10, 1008, 672]",32,5,6.453450491583366,0,1171239504,4.405036,1.528575,0.74169921875,0.4375,-1261.049971309337
tennis racket,384670,1024,768,"tennis racket, Two people on a blue and green tennis court.","[349, 144, 512, 512]","[0, 0, 1024, 768]","[0, 0, 1024, 768]",43,6,5.29956907226817,0,1754370252,4.427839,1.470743,0.7822265625,0.45849609375,-660.2786638676043
tennis racket,485027,539,1024,"tennis racket, A tennis player is serving a tennis ball.","[27, 199, 512, 512]","[3, 0, 536, 1024]","[11, 0, 528, 1024]",30,5,8.135720924475056,0,1084998680,4.9065304,1.5297884,0.78466796875,0.495361328125,-1292.0776104724516
tennis racket,112298,1024,768,"tennis racket, A person standing in a room near a tennis racket.","[0, 0, 512, 512]","[0, 0, 1024, 768]","[0, 0, 1024, 768]",46,6,2.755777541311419,0,1933072943,5.7792716,1.4602139,0.54638671875,0.365234375,-511.18785734178687
tennis racket,96427,1024,683,"tennis racket, Young boys in the gym holding tennis rackets","[0, 77, 512, 512]","[0, 0, 1024, 680]","[0, 0, 1024, 672]",25,4,1.5602814767499709,0,825039645,5.2547965,1.5465266,0.83349609375,0.469482421875,-595.9989693360378
tennis racket,554156,1023,685,"tennis racket, A man holding a tennis racket in the air","[495, 0, 512, 512]","[7, 0, 1016, 680]","[15, 0, 1008, 672]",27,4,2.138665665159264,0,914582800,6.052186,1.4541684,0.7939453125,0.447998046875,-867.1146334561834
tennis racket,369323,771,1024,"tennis racket, A woman on a tennis court, holding up a tennis racket with both hands.","[259, 0, 512, 512]","[3, 0, 768, 1024]","[3, 0, 768, 1024]",11,3,9.665034264254464,0,86984129,5.086367,1.4816781,0.8349609375,0.49609375,-803.9767625425259
tennis racket,90284,1024,1022,"tennis racket, A woman leans forward while swinging a tennis racket.","[512, 365, 512, 512]","[0, 6, 1024, 1016]","[0, 14, 1024, 1008]",30,4,2.194970835064874,0,1058021795,5.6728797,1.5294911,0.76806640625,0.46728515625,-328.0783119590035
tennis racket,187055,680,1024,"tennis racket, A girl dressed in black holds up a tennis racket as a man in a white t-shirt stands in front of her.","[168, 286, 512, 512]","[0, 0, 680, 1024]","[8, 0, 672, 1024]",29,4,3.0348849462685425,0,1014848104,5.0615573,1.5535282,0.61376953125,0.415283203125,-507.7185614114976
tennis racket,341681,1024,683,"tennis racket, A man with a tennis racket is in the air with legs spread apart next to a tennis ball in motion.","[444, 0, 512, 512]","[0, 0, 1024, 680]","[0, 0, 1024, 672]",39,5,4.393507338605968,0,1521018998,4.155948,1.5515412,0.828125,0.424560546875,-499.06557320786624
tennis racket,343218,1023,685,"tennis racket, a man with a tennis racket gets ready to swing his racket ","[102, 0, 512, 512]","[0, 0, 1016, 680]","[0, 0, 1008, 672]",28,4,6.610794772067163,0,946897390,5.2690325,1.5792305,0.8544921875,0.47314453125,-290.95407697751693
tennis racket,403122,683,1024,"tennis racket, Female tennis player preparing to serve the ball","[120, 371, 512, 512]","[3, 0, 680, 1024]","[11, 0, 672, 1024]",23,4,8.038865176023725,0,693415842,4.7527347,1.5186958,0.68359375,0.436279296875,-1183.5073266785027
tennis racket,126137,1024,683,"tennis racket, A young man standing on top of a tennis court holding a racquet.","[69, 171, 512, 512]","[0, 3, 1024, 680]","[0, 11, 1024, 672]",17,3,1.7078400439235306,0,411317620,4.0692677,1.4700254,0.7470703125,0.467041015625,-762.2430186197091
tennis racket,361147,667,1024,"tennis racket, A tennis player shows controlled excitement while a crowd watches.","[29, 0, 512, 512]","[0, 0, 664, 1024]","[0, 0, 656, 1024]",40,5,9.381137078287315,0,1594737559,6.023561,1.5159476,0.693359375,0.427001953125,-850.9363122012317
tennis racket,119995,600,641,"tennis racket, a tennis player stretching to hit a tennis ball ","[88, 52, 512, 512]","[0, 0, 600, 640]","[8, 0, 592, 640]",20,4,7.865125519139077,0,548344684,3.9312346,1.3935636,0.80908203125,0.486328125,-1175.1285867260956
tennis racket,429761,1024,685,"tennis racket, Two men shaking hands while standing on a tennis court.","[369, 102, 512, 512]","[0, 5, 1024, 680]","[0, 13, 1024, 672]",10,3,3.888677059518759,0,27700026,4.7474093,1.5199246,0.7880859375,0.460693359375,-562.8851251637336
tennis racket,65736,1024,683,"tennis racket, A woman tennis player in a black army shirt and tennis skirt, swinging a tennis racket.","[281, 0, 512, 512]","[0, 0, 1024, 680]","[0, 0, 1024, 672]",46,6,2.7039881748540786,0,1901078373,5.69425,1.4734726,0.66552734375,0.435546875,-652.3968540642297
tennis racket,64718,1024,742,"tennis racket, A man is swinging a tennis racket at a ball.","[0, 54, 512, 512]","[0, 0, 1024, 736]","[0, 0, 1024, 736]",33,5,6.363575990083298,0,1245682962,4.030877,1.236311,0.7041015625,0.36279296875,-455.041368152758
tennis racket,193743,683,1024,"tennis racket, A man holding a tennis racket is holding up his hand.","[171, 475, 512, 512]","[3, 0, 680, 1024]","[11, 0, 672, 1024]",12,3,6.352203040853406,0,143465762,5.719811,1.674823,0.1229248046875,0.22509765625,-825.8763052156653
zebra,31269,1024,768,"zebra, three zebras in a field near bushes ","[239, 187, 512, 512]","[0, 0, 1024, 768]","[0, 0, 1024, 768]",25,4,3.5813548817879983,0,821827540,6.08583,1.2022195,0.064208984375,0.3857421875,-275.23279568617926
zebra,185409,1024,678,"zebra, A herd of zebra in a grass field.","[266, 111, 512, 512]","[0, 6, 1024, 672]","[0, 6, 1024, 672]",26,4,6.428333350464056,0,847200043,6.2962685,1.298694,0.10186767578125,0.370849609375,-467.11055825375
zebra,159311,800,533,"zebra, A pair of zebra's leaning over eating grass in a field.","[0, 0, 512, 512]","[0, 0, 800, 528]","[0, 0, 800, 528]",24,4,7.997806746281609,0,757855135,5.9147296,1.3377707,0.0625,0.36669921875,-234.18724221873128
zebra,378453,800,553,"zebra, A herd of zebras standing on a sandy platform near a small body of water.","[0, 41, 512, 512]","[0, 1, 800, 552]","[0, 9, 800, 544]",35,5,7.444671666432088,0,1340589947,4.8270907,1.4321122,0.071044921875,0.374267578125,-416.9698719430987
zebra,20059,1024,683,"zebra, Two zebras graze on grass inside of an enclosure. ","[5, 149, 512, 512]","[0, 3, 1024, 680]","[0, 11, 1024, 672]",47,6,9.238421084414568,0,1938609420,5.256099,1.4380821,0.203125,0.360595703125,-317.1909913125174
zebra,433243,1023,678,"zebra, a zebra and a giraffe stand next to each other.","[286, 150, 512, 512]","[7, 6, 1016, 672]","[15, 6, 1008, 672]",44,6,8.743542842645962,0,1786372013,6.1706758,1.336703,0.1788330078125,0.3583984375,-230.63267096001707
zebra,491613,768,1024,"zebra, A zebra standing by its reflection in a body of water.","[0, 0, 512, 512]","[0, 0, 768, 1024]","[0, 0, 768, 1024]",48,6,9.264138661438862,0,2014448640,5.482645,1.3072845,0.28125,0.3994140625,-231.30398399308805
zebra,577149,1024,661,"zebra, there are many zebras walking on the side of this road","[0, 98, 512, 512]","[0, 5, 1024, 656]","[0, 5, 1024, 656]",19,3,1.2392896102083748,0,500051954,5.3763757,1.366895,0.30615234375,0.414306640625,-187.62241228133445
zebra,110211,1024,550,"zebra, A herd of zebra walking across a grass covered field.","[0, 38, 512, 512]","[0, 6, 1024, 544]","[0, 6, 1024, 544]",13,3,4.935232001165579,0,168571695,6.238074,1.183683,0.08642578125,0.38232421875,-233.8572896487416
zebra,364166,800,600,"zebra, An adult and baby zebra looking onward on a field.","[288, 88, 512, 512]","[0, 0, 800, 600]","[0, 8, 800, 592]",17,3,5.364498942795593,0,388528798,6.1064053,1.308838,0.1744384765625,0.3857421875,-240.25232024070323
zebra,16010,1024,753,"zebra, An outdoor area with many animals inluding a zebra and a rhinoceros.  ","[388, 217, 512, 512]","[0, 1, 1024, 752]","[0, 1, 1024, 752]",42,6,1.5863877763309675,0,1701289843,4.8867445,1.3884122,0.1927490234375,0.408935546875,-259.01626773392627
zebra,508586,1024,576,"zebra, Herd of zebra grazing on dried grasses in open field.","[0, 58, 512, 512]","[0, 0, 1024, 576]","[0, 0, 1024, 576]",48,6,8.475592932741314,0,2038980991,5.8274755,1.2037455,0.126708984375,0.391845703125,-211.8379832496429
zebra,215245,1024,768,"zebra, A group of zebra's playing and grazing in a field.","[136, 256, 512, 512]","[0, 0, 1024, 768]","[0, 0, 1024, 768]",27,4,9.84972019857558,0,906032039,5.6554937,1.3092735,0.15673828125,0.402587890625,-234.42889723101663
zebra,546011,890,594,"zebra, A trio of zebras stand together in the grass.","[0, 82, 512, 512]","[0, 2, 888, 592]","[0, 2, 880, 592]",40,5,8.061488674054116,0,1579638338,5.382964,1.4227701,0.222412109375,0.4052734375,-256.3989426471194
zebra,516316,1024,768,"zebra, An antilope is eating grass in between two zebra.","[512, 233, 512, 512]","[0, 0, 1024, 768]","[0, 0, 1024, 768]",32,5,3.8404314098044585,0,1182859276,5.3459034,1.4196068,0.23291015625,0.408935546875,-236.0191361546636
zebra,52462,1024,683,"zebra, Two zebra standing next to each other in a dry grass field.","[92, 122, 512, 512]","[0, 3, 1024, 680]","[0, 11, 1024, 672]",44,6,3.69262965878422,0,1827983318,5.615614,1.4766467,0.319580078125,0.395751953125,-234.4517323230161
zebra,91921,1024,768,"zebra, A zebra standing next to a  zebra laying on the ground.","[476, 256, 512, 512]","[0, 0, 1024, 768]","[0, 0, 1024, 768]",33,5,7.666736345881738,0,1217393872,5.802265,1.3060904,0.257568359375,0.382080078125,-236.5348538838284
zebra,350488,1024,683,"zebra, A zebra grazing on grass near a river.","[138, 123, 512, 512]","[0, 3, 1024, 680]","[0, 11, 1024, 672]",16,3,8.043318237953184,0,335554307,6.1250534,1.368271,0.171142578125,0.390869140625,-321.3361349474605
zebra,509735,1023,685,"zebra, A family of giraffes by a few zebras and a gazelle.","[145, 173, 512, 512]","[0, 5, 1016, 680]","[0, 13, 1008, 672]",31,5,9.88966672205119,0,1130085198,5.2718883,1.377231,0.1561279296875,0.39013671875,-289.64951679509886
zebra,218424,1024,768,"zebra, A group of zebra standing next to each other.","[71, 189, 512, 512]","[0, 0, 1024, 768]","[0, 0, 1024, 768]",48,6,9.876146943522146,0,2002619399,5.8142376,1.3518144,0.09808349609375,0.390625,-270.6010856599977
zebra,504635,1024,681,"zebra, Three zebras are standing in the grass by the trees.","[166, 169, 512, 512]","[0, 1, 1024, 680]","[0, 9, 1024, 672]",25,4,8.945763102970082,0,807025520,6.1485057,1.320228,0.12359619140625,0.3935546875,-214.8694223449733
zebra,447313,1024,768,"zebra, Three zebras eating hay at the edge of a forest.","[68, 170, 512, 512]","[0, 0, 1024, 768]","[0, 0, 1024, 768]",12,3,9.21529046605526,0,126659316,5.0669208,1.426258,0.226806640625,0.392333984375,-331.0664681537362
zebra,60770,800,600,"zebra, Two zebras in an open field with grass.","[125, 88, 512, 512]","[0, 0, 800, 600]","[0, 8, 800, 592]",20,4,7.373862226928552,0,544610078,5.268621,1.3159814,0.1868896484375,0.397705078125,-202.9842716374752
zebra,545129,729,544,"zebra, A group of zebra standing next to each other on a dirt field.","[217, 32, 512, 512]","[1, 0, 728, 544]","[9, 0, 720, 544]",19,3,5.990471895371578,0,502803994,6.300147,1.5395571,0.09930419921875,0.387451171875,-282.20520521801893
zebra,54123,1023,685,"zebra, The zebras are standing around and grazing in the pasture.","[511, 60, 512, 512]","[7, 0, 1016, 680]","[15, 0, 1008, 672]",11,3,9.309143872631983,0,78112099,5.523122,1.3908504,0.223876953125,0.402099609375,-290.2984122302528
zebra,116589,800,600,"zebra, A group of zebras stay close to each other near a log. ","[288, 88, 512, 512]","[0, 0, 800, 600]","[0, 8, 800, 592]",50,6,1.807577018688813,0,2135232880,5.9494185,1.3040448,0.0819091796875,0.363525390625,-232.71968149509223
zebra,473974,1024,683,"zebra, A group of zebra standing in the tall grass.","[473, 171, 512, 512]","[0, 3, 1024, 680]","[0, 11, 1024, 672]",29,4,4.331183906260067,0,1006074700,5.6101084,1.4716662,0.1282958984375,0.389892578125,-324.03341478432645
zebra,449406,800,533,"zebra, A zebra standing on a dirty rocky field.","[76, 21, 512, 512]","[0, 5, 800, 528]","[0, 5, 800, 528]",32,5,6.453450491583366,0,1171239504,5.7177987,1.3212967,0.24658203125,0.382568359375,-230.7041951488076
zebra,270244,1023,685,"zebra, A zebra all by itself in the green forest.","[112, 130, 512, 512]","[0, 5, 1016, 680]","[0, 13, 1008, 672]",43,6,5.29956907226817,0,1754370252,6.112266,1.4025389,0.2254638671875,0.379638671875,-156.55859573159984
zebra,545730,1024,683,"zebra, a herd of zebras crossing a shallow part of a river","[512, 171, 512, 512]","[0, 3, 1024, 680]","[0, 11, 1024, 672]",46,6,2.755777541311419,0,1933072943,5.138157,1.478263,0.30224609375,0.400634765625,-306.60615441101515
zebra,484296,1024,768,"zebra, Two zebras in a forest between many trees.","[512, 210, 512, 512]","[0, 0, 1024, 768]","[0, 0, 1024, 768]",25,4,1.5602814767499709,0,825039645,5.52361,1.2983981,0.1123046875,0.39208984375,-235.94846674668847
zebra,562121,800,567,"zebra, Two zebras fighting in a cloud of dust","[272, 55, 512, 512]","[0, 7, 800, 560]","[0, 7, 800, 560]",27,4,2.138665665159264,0,914582800,5.048906,1.385412,0.044464111328125,0.37548828125,-235.18906297466123
zebra,201676,1024,768,"zebra, Three zebras standing next to each other in a meadow with other zebras visible behind them","[368, 200, 512, 512]","[0, 0, 1024, 768]","[0, 0, 1024, 768]",11,3,9.665034264254464,0,86984129,5.7588186,1.4627124,0.0784912109375,0.4072265625,-395.9118737641305
zebra,493019,1024,766,"zebra, A group of zebras are bending down and eating a box full of grass. ","[128, 217, 512, 512]","[0, 6, 1024, 760]","[0, 14, 1024, 752]",29,4,3.0348849462685425,0,1014848104,5.6203585,1.4566795,0.0753173828125,0.363525390625,-458.9430060918647
zebra,464872,1024,683,"zebra, a couple of zebras that are running through some grass","[281, 87, 512, 512]","[0, 3, 1024, 680]","[0, 7, 1024, 672]",39,5,4.393507338605968,0,1521018998,4.9794083,1.4281234,0.083984375,0.36669921875,-240.2103301220837
zebra,69106,1024,685,"zebra, Three zebras standing in front of a wall.","[83, 173, 512, 512]","[0, 5, 1024, 680]","[0, 13, 1024, 672]",28,4,6.610794772067163,0,946897390,6.5422397,1.3384653,0.08551025390625,0.37158203125,-261.8362244739698
zebra,501243,1024,683,"zebra, Three zebra standing next to each other on a dirt ground.","[100, 114, 512, 512]","[0, 3, 1024, 680]","[0, 11, 1024, 672]",23,4,8.038865176023725,0,693415842,6.3114657,1.1610236,0.061309814453125,0.3779296875,-235.69779967099507
